rank,ring_id,moi_metric,system_name,body_name,ring_name,x,y,z,theta_deg
1,c68bb424be0654f8f4b215feff6e1870ada96a87,1.000000,Stranaea EG-Y g1436,Stranaea EG-Y g1436 AB 1,Stranaea EG-Y g1436 AB 1 A Ring,-4773.687500,1430.968750,19289.468750,-125.977852
6,cf299026246b0a5a19b1bb2fcdd89c4d51497bf9,0.999996,Eor Audst AA-A h227,Eor Audst AA-A h227 AB 6,Eor Audst AA-A h227 AB 6 A Ring,-5062.031250,2438.187500,20602.843750,-133.842173
7,b9b51eb0951ae1cee56862c9256617d187b1b7f0,0.999996,Eor Audst AA-A h227,Eor Audst AA-A h227 AB 7,Eor Audst AA-A h227 AB 7 B Ring,-5062.031250,2438.187500,20602.843750,-133.842173
10,89292c26401e586963a1948ec40b0129e0eb66e6,0.999995,Prua Phoe CI-Q d6-1109,Prua Phoe CI-Q d6-1109 10,Prua Phoe CI-Q d6-1109 10 C Ring,-6290.593750,-112.687500,11049.500000,-113.039749
11,2bd202f2013e2709b26d34e842e109890f4c3eeb,0.999995,Eor Audst AA-A h227,Eor Audst AA-A h227 AB 1,Eor Audst AA-A h227 AB 1 B Ring,-5062.031250,2438.187500,20602.843750,-133.842173
12,c091bee2e480a60a48a629cb1e19d6f02c099542,0.999995,Hypuae Ain BW-B c27-13,Hypuae Ain BW-B c27-13 4,Hypuae Ain BW-B c27-13 4 B Ring,969.937500,202.562500,-5015.156250,-88.249674
14,f3c92951d76ce7a0325e4c064e3033fc36803b53,0.999993,Plio Eurl RW-U c16-16,Plio Eurl RW-U c16-16 4,Plio Eurl RW-U c16-16 4 C Ring,2414.218750,108.937500,-343.812500,-84.798638
15,691c6985184dea80f6c95936ddf986082c33d762,0.999992,Blua Hypue UH-G c25-32,Blua Hypue UH-G c25-32 9,Blua Hypue UH-G c25-32 9 C Ring,-4755.843750,-889.593750,12826.343750,-110.087612
17,fb347f28ea7a16a662c0c976d0c8650a0c5932c3,0.999990,Flyua Dryoae DM-K d9-0,Flyua Dryoae DM-K d9-0 4,Flyua Dryoae DM-K d9-0 4 C Ring,2096.718750,-413.843750,-256.187500,-85.471774
19,ca18b1513e408335612355d76ae86ade2629413e,0.999987,Eoch Flyuae EL-F c11-41,Eoch Flyuae EL-F c11-41 4,Eoch Flyuae EL-F c11-41 4 C Ring,-8440.281250,-1163.875000,17356.687500,-134.737988
21,aa91b6ff332ab065c79fef6127307681af11bab7,0.999985,Gludgoe TV-X c1-1,Gludgoe TV-X c1-1 2,Gludgoe TV-X c1-1 2 B Ring,-5459.312500,273.781250,-4806.718750,-100.126831
22,afcfd076a52e064ff962d9664b84c946823f3575,0.999985,Shreia Eaescs IT-O d7-0,Shreia Eaescs IT-O d7-0 6,Shreia Eaescs IT-O d7-0 6 B Ring,-13658.062500,-2656.437500,9823.843750,-130.402948
24,807255aceec37f15968f51fddc82cbc5e1820bdd,0.999984,Aucopp IH-N c22-6,Aucopp IH-N c22-6 3,Aucopp IH-N c22-6 3 C Ring,-2537.593750,-517.312500,2464.968750,-96.240971
26,af6ab76d6406479c8e81497388c36597810d72ea,0.999983,Smoje LI-A c14-4,Smoje LI-A c14-4 AB 6,Smoje LI-A c14-4 AB 6 C Ring,1681.625000,135.468750,3399.875000,-85.789609
27,ffff5442458bfae694641e26d9aec4a2ed83a26c,0.999983,Skaude VA-M d8-37,Skaude VA-M d8-37 B 7,Skaude VA-M d8-37 B 7 C Ring,-4716.437500,-436.687500,9938.812500,-106.545354
29,feba4a1548d82a348a7df6d7f04d3bf22c195c97,0.999983,Nuekuae KE-N c21-23,Nuekuae KE-N c21-23 11,Nuekuae KE-N c21-23 11 C Ring,-5904.031250,-942.437500,13963.375000,-116.414915
30,73695aab05d729bbe1bba8f69c56ae1802cfdcd7,0.999983,Gru Drye BN-Q c6-0,Gru Drye BN-Q c6-0 2,Gru Drye BN-Q c6-0 2 C Ring,-7593.687500,-671.750000,5621.406250,-110.591819
31,d1f57f1edc49b4a4a8cae495918e790319504507,0.999982,Dryoea Flyi AA-A g208,Dryoea Flyi AA-A g208 AB 1,Dryoea Flyi AA-A g208 AB 1 B Ring,-4555.218750,-1086.156250,18319.093750,-121.140775
32,b4928e7fed5ef42d0de69253402cbe5c8b2616e5,0.999982,Synuefe QU-N d7-19,Synuefe QU-N d7-19 9,Synuefe QU-N d7-19 9 B Ring,315.781250,-431.031250,-371.781250,-89.366341
33,1a5f658d55a8457c9a0aaf0fdb19089f4cd8d002,0.999982,Floadue JD-H d11-38,Floadue JD-H d11-38 4,Floadue JD-H d11-38 4 C Ring,7284.843750,-269.718750,15271.375000,-55.665838
34,8d18be87b3a2508a94d2ebc1de5bc6f338d4aff8,0.999982,Greou Dryiae TK-A c16-5,Greou Dryiae TK-A c16-5 7,Greou Dryiae TK-A c16-5 7 B Ring,16227.906250,-366.031250,6049.156250,-50.777890
35,3c4204af585cf3b9bef45f8f4238c70b49cab90f,0.999982,Blo Aescs QR-V c18-17,Blo Aescs QR-V c18-17 6,Blo Aescs QR-V c18-17 6 C Ring,-7184.968750,1047.437500,12571.343750,-118.411397
36,8853bff849dacb5c57248d893538c19acd7dec22,0.999982,Slegiae MJ-X c2-2,Slegiae MJ-X c2-2 4,Slegiae MJ-X c2-2 4 C Ring,-7639.375000,-728.500000,-3474.687500,-104.623869
37,cf66bafc44053ca8891ae4e8e6e387b7fb12ab1a,0.999981,Dryau Aowsy ZE-R d4-8212,Dryau Aowsy ZE-R d4-8212 9,Dryau Aowsy ZE-R d4-8212 9 B Ring,356.562500,22.593750,18561.125000,-87.414891
38,aac8b52728e4605c08a4014a89a539ee1bc96a88,0.999981,Eord Prau OQ-Q c20-49,Eord Prau OQ-Q c20-49 5,Eord Prau OQ-Q c20-49 5 B Ring,5616.187500,-583.656250,20304.843750,-45.021289
39,b5c3a273f396b2427df9379038fe3be13956f2a9,0.999981,Smojue RL-F c11-1,Smojue RL-F c11-1 5,Smojue RL-F c11-1 5 B Ring,-230.375000,101.937500,3290.812500,-90.647694
40,1dc3329c772ca1efe817f2c0f424c16cf9423da6,0.999981,Chraufao HP-G c11-0,Chraufao HP-G c11-0 6,Chraufao HP-G c11-0 6 A Ring,-4006.406250,368.906250,1989.281250,-99.570726
41,264ee554852289d3e356bff5e5690634bf5e7546,0.999981,Blaa Drye GS-R d5-49,Blaa Drye GS-R d5-49 12,Blaa Drye GS-R d5-49 12 C Ring,-8468.343750,-273.281250,4541.687500,-111.686266
43,bbf928ca5e2926177bdea57848ea51397c9ed23d,0.999980,Agnainks CH-U e3-3432,Agnainks CH-U e3-3432 2,Agnainks CH-U e3-3432 2 C Ring,-2579.812500,-99.687500,22648.250000,-128.699069
44,3672ce077cc0bb19679ad48bdd5c2b2f93a46b0f,0.999980,Eorld Pri PS-R d5-177,Eorld Pri PS-R d5-177 9,Eorld Pri PS-R d5-177 9 B Ring,-100.718750,-296.031250,19900.531250,-91.202551
45,52295785a7569f271504604214c08d7ece91d424,0.999980,Traikaae KI-G c25-2,Traikaae KI-G c25-2 5,Traikaae KI-G c25-2 5 C Ring,-265.093750,380.718750,5161.843750,-90.802030
46,778717f53bc2317ae436aae69292a43975bd5adf,0.999979,Blua Eaec BX-L b8-12,Blua Eaec BX-L b8-12 4,Blua Eaec BX-L b8-12 4 C Ring,-7027.187500,-1113.531250,14490.250000,-121.720426
47,54fdc8639b4f5cad9abeefcb57574227fc653133,0.999979,Pru Euq YY-L b49-1,Pru Euq YY-L b49-1 3,Pru Euq YY-L b49-1 3 C Ring,-143.968750,119.750000,1277.031250,-90.393681
48,0c7500ebfed2ff11c9eb6e09f0a4bebe68f5f01c,0.999979,Gru Hypai EQ-W d2-49,Gru Hypai EQ-W d2-49 4,Gru Hypai EQ-W d2-49 4 A Ring,3505.156250,-460.406250,13283.250000,-74.580103
50,5a5e2d99f28ab84c60b86c752ceb41ae1060420a,0.999979,Smoje GX-B d1,Smoje GX-B d1 10,Smoje GX-B d1 10 C Ring,1218.000000,781.187500,2789.468750,-87.045467
52,c936c7a5fe2ebf173e8b43f5493717f2076fa184,0.999978,Eord Flyuae OM-C d129,Eord Flyuae OM-C d129 6,Eord Flyuae OM-C d129 6 A Ring,-6608.843750,-213.218750,16880.687500,-126.336053
55,415e910e3cfd0786a8d273355bf86cedb6ed8f1a,0.999978,Pyramio UG-S d5-238,Pyramio UG-S d5-238 10,Pyramio UG-S d5-238 10 C Ring,9.906250,-45.625000,5887.781250,-90.043840
56,e5e2786d433fc062e09ad58608b6d437d1eff3b3,0.999977,Chraufao TN-L b23-0,Chraufao TN-L b23-0 2,Chraufao TN-L b23-0 2 C Ring,-4999.562500,360.062500,1997.625000,-101.871921
57,805662982412f9e77dc2a5dc24cc373d809dc07c,0.999977,Skaude KK-D d13-211,Skaude KK-D d13-211 5,Skaude KK-D d13-211 5 C Ring,-4991.031250,-410.312500,10343.343750,-107.871971
58,850dea21940a3be5dd1ea16f984e228fe3a6aff9,0.999977,NGC 4463 Sector HH-A c15-0,NGC 4463 Sector HH-A c15-0 9,NGC 4463 Sector HH-A c15-0 9 C Ring,3258.593750,-140.281250,1858.406250,-82.340193
60,de7be80df2d52addbf1d0fc7719d79a48f132247,0.999976,Wredguia IG-V c16-4,Wredguia IG-V c16-4 A 6,Wredguia IG-V c16-4 A 6 C Ring,-348.968750,176.812500,-324.187500,-90.817487
61,5d00b98c9e5210236f49dd56b2762f6d68c29115,0.999976,Byoi Aewsy SB-S c18-151,Byoi Aewsy SB-S c18-151 9,Byoi Aewsy SB-S c18-151 9 C Ring,-6281.812500,290.593750,13844.562500,-117.617231
64,6f2933f7f2faa4aeb5f4e0de131c008549368d12,0.999976,Bloesms CD-M c10-0,Bloesms CD-M c10-0 3,Bloesms CD-M c10-0 3 B Ring,19778.531250,-139.562500,-10864.812500,-61.751351
65,ca50870e962e74586dd58587e309d6c1832d1c6d,0.999975,Eord Flyoo LM-W f1-55,Eord Flyoo LM-W f1-55 3,Eord Flyoo LM-W f1-55 3 C Ring,-6658.312500,-2565.468750,17780.968750,-129.461087
69,62ea69ec5b373aa426dd829e751d201c564f2f6d,0.999975,Pheia Ain UQ-D d12-23,Pheia Ain UQ-D d12-23 6,Pheia Ain UQ-D d12-23 6 C Ring,-37.593750,235.750000,-3864.687500,-90.120911
72,8ad84cd2922a346de91310c3cae2c1b43fe82190,0.999975,Eock Hypue ZL-B d14-1,Eock Hypue ZL-B d14-1 4,Eock Hypue ZL-B d14-1 4 C Ring,16189.250000,-489.593750,-12663.562500,-67.258845
73,ace8d93c969db0dcc38aeddcc4bb5df65a12e93b,0.999975,Pro Eur XE-R c20-1,Pro Eur XE-R c20-1 ABC 1,Pro Eur XE-R c20-1 ABC 1 B Ring,3898.125000,828.625000,1098.906250,-81.124437
76,19537204c5ff6408952b7952b86b6987fd0b02bd,0.999974,Wredguia VL-L c21-22,Wredguia VL-L c21-22 8,Wredguia VL-L c21-22 8 B Ring,-1059.125000,14.156250,-122.093750,-92.386144
77,cc753c01f5f062fcba8b119475dddea36fac1f1c,0.999974,Byaa Theia BK-C c27-2,Byaa Theia BK-C c27-2 6,Byaa Theia BK-C c27-2 6 B Ring,2709.531250,295.218750,3966.281250,-83.022662
80,05978299282977c433d1f2af31e45f47a7e5031c,0.999974,Prieleau WF-R c4-7,Prieleau WF-R c4-7 3,Prieleau WF-R c4-7 3 C Ring,4898.062500,-18.250000,8116.625000,-74.676408
82,df8eb02972c8648fbeee8129166c5b3d67a35642,0.999973,Eumorks BF-R e4-83,Eumorks BF-R e4-83 2,Eumorks BF-R e4-83 2 B Ring,1146.031250,1338.593750,17655.593750,-82.258172
84,9612ae4e9da08fd4ad6c84d98064fa2d5d522d5d,0.999973,Wregoe FK-I c9-0,Wregoe FK-I c9-0 2,Wregoe FK-I c9-0 2 B Ring,618.531250,-21.625000,-659.875000,-88.720299
87,2519471757235af1d5a8915276b63df5d9ccf057,0.999972,Flyua Hype AW-E c11-0,Flyua Hype AW-E c11-0 7,Flyua Hype AW-E c11-0 7 B Ring,3971.468750,-1298.812500,7115.718750,-78.135671
88,789ae8c3a7adb58422da19fdc7c62a8aa0dfa136,0.999972,Byoi Thae AD-Z c14-3,Byoi Thae AD-Z c14-3 6,Byoi Thae AD-Z c14-3 6 A Ring,3889.375000,275.687500,3439.625000,-80.238198
89,638c01ef690854d9884e855031b1eadc2dcefed0,0.999972,Stranoa FR-N e6-882,Stranoa FR-N e6-882 A 1,Stranoa FR-N e6-882 A 1 B Ring,4307.875000,1377.187500,19356.593750,-56.795147
91,97aa16955f253de665be1b801cb1058a2cbaa168,0.999972,Prua Dryoae WV-B c1-1,Prua Dryoae WV-B c1-1 4,Prua Dryoae WV-B c1-1 4 B Ring,1378.906250,-544.593750,255.812500,-86.978311
92,f92f107c839d99a33b0ee67988f6cb3b936058a6,0.999971,Wredguia VZ-E c25-17,Wredguia VZ-E c25-17 5,Wredguia VZ-E c25-17 5 B Ring,-413.500000,106.656250,49.500000,-90.972296
97,602398f11d5ac0a6d609a8a4e8495fbf288af519,0.999970,Prooe Drye LW-V d2-7,Prooe Drye LW-V d2-7 4,Prooe Drye LW-V d2-7 4 C Ring,-1721.750000,-810.937500,510.093750,-93.936074
99,ed9126164b5fd0c3cb349d4326e916ef5c807f2d,0.999970,Col 359 Sector XL-R c6-0,Col 359 Sector XL-R c6-0 4,Col 359 Sector XL-R c6-0 4 B Ring,-610.093750,383.781250,388.250000,-91.426529
102,c48086197550f5799d4fa589a9109664f3db13c0,0.999970,Eoch Flya HW-W f1-219,Eoch Flya HW-W f1-219 1,Eoch Flya HW-W f1-219 1 C Ring,-5280.781250,-1634.031250,17495.093750,-122.264230
105,88a2a184b7daa316293175b9f101b7c34b2c71e1,0.999969,Foesks BL-P e5-652,Foesks BL-P e5-652 2,Foesks BL-P e5-652 2 A Ring,4356.031250,1302.312500,16679.125000,-64.841665
108,41fa030ab7cb30e9b09d953f4ebc167643a2d1a5,0.999968,Blu Euq UD-I c23-13,Blu Euq UD-I c23-13 8,Blu Euq UD-I c23-13 8 C Ring,990.031250,33.375000,5057.750000,-87.349598
110,e2f94251918988bf8ab169922f73558be6358c52,0.999967,Hypua Eaeb CC-B c1-0,Hypua Eaeb CC-B c1-0 4,Hypua Eaeb CC-B c1-0 4 B Ring,-20427.968750,-697.125000,-6106.718750,-122.579740
121,4a44973a8f9cc56c0fceb21d3c3bf42020e7d512,0.999963,Qeajaea ZG-A c28-5,Qeajaea ZG-A c28-5 4,Qeajaea ZG-A c28-5 4 C Ring,9742.906250,215.281250,7841.312500,-61.714507
124,a7bd86abed7033c52eda7a53b73b59bdfc876beb,0.999962,Boelts WF-H b24,Boelts WF-H b24 AB 2,Boelts WF-H b24 AB 2 C Ring,-7340.843750,-544.250000,15582.656250,-125.525002
127,60aae7e001b943e849aa4271dc3b88593cbcba1a,0.999962,Dryoea Flyi AA-A g187,Dryoea Flyi AA-A g187 B 2,Dryoea Flyi AA-A g187 B 2 B Ring,-4567.687500,-1205.125000,18285.625000,-121.098016
128,63373206ae49d3fa3adc0b9a0f5492c8f2f69481,0.999962,Thaila PC-V c18-22,Thaila PC-V c18-22 6,Thaila PC-V c18-22 6 C Ring,5354.125000,-372.906250,4863.375000,-75.785079
129,7dfa083403b6f03bbeea4e8028f48b259c24e015,0.999962,Flyiedge TN-K c24-33,Flyiedge TN-K c24-33 C 3,Flyiedge TN-K c24-33 C 3 B Ring,-4663.968750,-362.562500,8966.968750,-105.478792
130,5d28fa6d24132568c685bcd6032a4b79be557991,0.999961,Smeama YE-A g2,Smeama YE-A g2 1,Smeama YE-A g2 1 C Ring,-3294.218750,-2913.437500,19524.281250,-117.503285
131,190704702b72659270443f0b8f33c8f3739a01ca,0.999961,Grea Hypoo LM-W f1-160,Grea Hypoo LM-W f1-160 A 2,Grea Hypoo LM-W f1-160 A 2 C Ring,-9318.937500,-1238.187500,13844.812500,-127.779871
134,cc44489b61491bd49898a31b146b3b8769c318a4,0.999960,Pru Airm AA-A f19,Pru Airm AA-A f19 2,Pru Airm AA-A f19 2 C Ring,-1236.437500,1546.687500,10668.906250,-94.735252
137,6b55f3bef33351bd5bae7399d835ff2d78d3a2d9,0.999959,Col 359 Sector RB-Q b8-0,Col 359 Sector RB-Q b8-0 6,Col 359 Sector RB-Q b8-0 6 C Ring,-99.687500,220.687500,295.156250,-90.279500
139,94046da6e1e9d5c4037d240952b46a35c1baf5a6,0.999959,Aucoks WA-S c6-2,Aucoks WA-S c6-2 4,Aucoks WA-S c6-2 4 C Ring,527.468750,-363.031250,1796.656250,-88.806279
142,d434975b2a04fa56d04f4df7c8802dae87ca7096,0.999958,Shehio FC-U e3-1,Shehio FC-U e3-1 A 2,Shehio FC-U e3-1 A 2 C Ring,-4929.343750,-1488.343750,9866.531250,-107.171900
144,b3e40055cb051df8a51fe09242eae1b690afe895,0.999958,Eephaim AA-A h19,Eephaim AA-A h19 4,Eephaim AA-A h19 4 B Ring,-4869.500000,-808.281250,17575.468750,-120.455082
145,4f2f816ca10a937b6229d313c958b0658d8ed817,0.999958,Traikaae MS-Z c27-22,Traikaae MS-Z c27-22 7,Traikaae MS-Z c27-22 7 C Ring,-193.031250,116.687500,5281.000000,-90.606448
146,e72aa81ce6f6311b06f70796a026c50ca1e09d0a,0.999957,Stuemeae BA-A c2103,Stuemeae BA-A c2103 3,Stuemeae BA-A c2103 3 C Ring,5.187500,-1.625000,25847.625000,-110.941177
149,43945872a4a4ef9ae9276c8f8f371b3c12883cd1,0.999956,Pro Eurl ET-S b45-1,Pro Eurl ET-S b45-1 AB 5,Pro Eurl ET-S b45-1 AB 5 C Ring,1262.343750,102.812500,1201.218750,-87.132533
150,a666b3374fb93a41215c4191f611c45c695e05f8,0.999956,Skaudou GY-V c17-12,Skaudou GY-V c17-12 A 5,Skaudou GY-V c17-12 A 5 B Ring,-598.031250,-563.406250,9942.843750,-92.236709
154,7de92fde3f092f367a450eff8fbfdf907e8b53ae,0.999955,Thaileia US-M b54-1,Thaileia US-M b54-1 8,Thaileia US-M b54-1 8 B Ring,110.812500,-127.906250,5221.875000,-89.762834
155,80fb5b7eb21a11b17e091ce1dc3ae8dfe8f39ee4,0.999955,Dryoea Prao FG-Y f4348,Dryoea Prao FG-Y f4348 1,Dryoea Prao FG-Y f4348 1 B Ring,2949.562500,-1054.781250,21157.187500,-58.342499
156,c29cce8781707e747e59bba995611be0915f7e27,0.999955,Nuekau FG-Y f3,Nuekau FG-Y f3 4,Nuekau FG-Y f3 4 B Ring,-2235.062500,-1015.093750,13488.781250,-100.321388
157,e3d064182d4cf5b1b85d5f382bee3e6bbeeba608,0.999954,Col 359 Sector GL-P d5-3,Col 359 Sector GL-P d5-3 4,Col 359 Sector GL-P d5-3 4 C Ring,-318.593750,-348.875000,580.406250,-90.777967
158,cd08bb94b000a6af0af21f35cccc0aa1e9a0526c,0.999954,Eafots WO-Y c14-5,Eafots WO-Y c14-5 7,Eafots WO-Y c14-5 7 C Ring,-5725.875000,140.781250,-5538.406250,-100.366625
160,fd0002ec65f25c5a083393396003405504d70cf3,0.999954,Zunuae GN-S e4-7887,Zunuae GN-S e4-7887 3,Zunuae GN-S e4-7887 3 A Ring,-1195.843750,1200.500000,24213.218750,-125.901318
162,2e60bf35979a97b3ee5fe0952c7cb0a5f38a4662,0.999953,Croomaa PS-B d13-1223,Croomaa PS-B d13-1223 3,Croomaa PS-B d13-1223 3 C Ring,-82.093750,1491.187500,25676.250000,-115.625913
163,c2e382fd8208d2f5913d050189e908ed82c5454c,0.999953,Preou Thio DH-M d7-7,Preou Thio DH-M d7-7 5,Preou Thio DH-M d7-7 5 C Ring,-21704.906250,140.750000,-1689.812500,-128.224498
164,dcadf85fd73418e172ba3706753b230531381bb8,0.999952,Eorl Auwsy GW-M d7-124,Eorl Auwsy GW-M d7-124 B 5,Eorl Auwsy GW-M d7-124 B 5 C Ring,4612.031250,402.562500,20104.750000,-51.639012
165,4b3b99690134982b29f164c6165d9a763dfca0bf,0.999952,Phroi Phoe YY-I c25-5,Phroi Phoe YY-I c25-5 11,Phroi Phoe YY-I c25-5 11 B Ring,-672.031250,-320.718750,-3808.343750,-91.344477
166,1721945d40290bc5a32c444654f851e98a35e34b,0.999952,Ploea Eurl BG-F d11-0,Ploea Eurl BG-F d11-0 10,Ploea Eurl BG-F d11-0 10 C Ring,3227.250000,148.187500,-97.406250,-82.978387
168,333f50191528f26980296eaa474c4e31ee2234d8,0.999951,Drojeae BJ-B c16-9,Drojeae BJ-B c16-9 2,Drojeae BJ-B c16-9 2 C Ring,-2023.062500,-170.312500,3461.468750,-95.215746
169,28e9115348b732f7c2291de9fe4e69397ffc486d,0.999951,Greae Phio WZ-W d2-5689,Greae Phio WZ-W d2-5689 7,Greae Phio WZ-W d2-5689 7 C Ring,1920.250000,-336.250000,15869.125000,-79.301745
171,c0209687b4c08fcd417c4a6a5748c193205bf18f,0.999951,NGC 4463 Sector HU-D b26-0,NGC 4463 Sector HU-D b26-0 4,NGC 4463 Sector HU-D b26-0 4 B Ring,2640.062500,-520.125000,1778.468750,-83.813123
174,e7b9b26b77fb2db636df20a52cec619ec545f0ce,0.999950,Lysooh JM-Q c7-1,Lysooh JM-Q c7-1 A 5,Lysooh JM-Q c7-1 A 5 C Ring,2248.593750,941.000000,6968.843750,-83.301556
175,1613ac3395de5356af4807bde3941795a3ea6b66,0.999950,Eoch Flya ZJ-A f24,Eoch Flya ZJ-A f24 2,Eoch Flya ZJ-A f24 2 B Ring,-5494.031250,-1653.093750,17044.000000,-121.932140
179,dc5dd44c7e341786d14fe3201283f71abe4ac7b7,0.999949,Skaude SS-S c4-5,Skaude SS-S c4-5 3,Skaude SS-S c4-5 3 C Ring,-4589.406250,-972.812500,9408.594000,-105.632710
181,4d326d37680a238992657fb0965fe4d4f14acfce,0.999949,Wredgo KY-Q c18-14,Wredgo KY-Q c18-14 6,Wredgo KY-Q c18-14 6 C Ring,-12447.531250,24.156250,-227.968750,-115.518510
182,49eae06d837494ece7bde8bc8b394b4687471c0a,0.999949,Croomaa BA-A f2999,Croomaa BA-A f2999 1,Croomaa BA-A f2999 1 B Ring,-960.500000,1567.000000,24818.531250,-132.348838
183,a1be0d0de743a9320fe95a6ea6df781be11d6dba,0.999948,Graea Hypue UZ-T c5-22,Graea Hypue UZ-T c5-22 3,Graea Hypue UZ-T c5-22 3 B Ring,-621.437500,-310.500000,13267.093750,-92.930320
184,034c695979f44854bd293767c123c2a4a0bd244c,0.999947,Blua Hypa AA-A g11,Blua Hypa AA-A g11 2,Blua Hypa AA-A g11 2 C Ring,-7552.156250,-788.031250,12254.031250,-119.042727
187,7451a36d2baf8879496d1da0b0384ba6a5b21768,0.999946,Skaude AA-A h342,Skaude AA-A h342 4,Skaude AA-A h342 4 C Ring,-4383.250000,-1255.031250,9641.468750,-105.170893
189,1bd935fee2f1ada70712189a5abd9390e3c1a66d,0.999946,Blaa Phoe CR-P c8-153,Blaa Phoe CR-P c8-153 4,Blaa Phoe CR-P c8-153 4 C Ring,-5493.031250,-128.375000,14675.000000,-116.178959
190,e844695fb038a020a3116aa73069b33e9eb31fb2,0.999945,Dryoi Pri QD-T e3-3857,Dryoi Pri QD-T e3-3857 A 1,Dryoi Pri QD-T e3-3857 A 1 B Ring,-897.812500,-1014.718750,21360.843750,-101.494374
193,3fdc7cc3f6634040a03526e1f3551ad7c00ef97c,0.999944,Eeshorks SR-C b1-76,Eeshorks SR-C b1-76 A 2,Eeshorks SR-C b1-76 A 2 A Ring,2429.125000,-841.187500,16885.187500,-75.068793
194,84f9d5e7ffb10183b0539d38001985097e6d7565,0.999944,Straneae XJ-A f174,Straneae XJ-A f174 2,Straneae XJ-A f174 2 C Ring,-7109.656250,2050.781250,18253.093750,-133.016222
195,29cc367a40916bae4a168b588a9c5acb106cc9fa,0.999944,Pyroifoi EP-Z d21,Pyroifoi EP-Z d21 B 5,Pyroifoi EP-Z d21 B 5 B Ring,4918.687500,-705.843750,5444.156250,-76.546453
202,8e8d6d6d5c9383902d40fba2cb2f0b8e19ab7c72,0.999943,Synookooe FN-R b18-2,Synookooe FN-R b18-2 6,Synookooe FN-R b18-2 6 B Ring,9127.781250,59.468750,12151.875000,-56.491603
203,832fe0f2d7d64a2ede185857addeeae130a378d8,0.999943,Phraa Hypa HP-K b14-0,Phraa Hypa HP-K b14-0 3,Phraa Hypa HP-K b14-0 3 C Ring,-1871.468750,-140.687500,-7149.250000,-93.284590
204,d44bfe399a207eb98024c2942a2a732138903824,0.999943,Plio Eurl EC-Z c15-2,Plio Eurl EC-Z c15-2 6,Plio Eurl EC-Z c15-2 6 C Ring,2018.406250,617.125000,-379.656250,-85.662685
205,b6cdc292af60b0581f126a549c3433ae06b78e99,0.999943,Athairk DA-A f2320,Athairk DA-A f2320 3,Athairk DA-A f2320 3 B Ring,3620.250000,-1088.750000,22105.375000,-46.546941
206,9b90418dfb652e8c6643a3d2243f795581992cde,0.999943,Byeia Eurk MG-U b58-1,Byeia Eurk MG-U b58-1 AB 1,Byeia Eurk MG-U b58-1 AB 1 C Ring,-2445.718750,124.531250,6600.218750,-97.295860
207,3bfde54ed64887041cc7967a36515dd627a5fade,0.999943,Oochody FY-D b4-2,Oochody FY-D b4-2 AB 3,Oochody FY-D b4-2 AB 3 A Ring,-3866.906250,-127.500000,-2257.781250,-97.869881
208,e9450c628461d3c902742b43dac63d41419b1523,0.999943,Nyuena PD-B d381,Nyuena PD-B d381 6,Nyuena PD-B d381 6 C Ring,50.093750,1738.375000,25843.406250,-66.261115
210,3f374431ead51753c7df0ae673808d53bfa05aed,0.999942,Graea Hypue YP-W d2-136,Graea Hypue YP-W d2-136 B 7,Graea Hypue YP-W d2-136 B 7 A Ring,-802.250000,-445.875000,13324.406250,-93.764621
212,62568539493753b08fea15d8644ae9ccaab017fc,0.999941,Treqai BA-A f14,Treqai BA-A f14 3,Treqai BA-A f14 3 A Ring,-931.656250,2734.000000,23487.968750,-111.638938
213,6a9ff3852a58c42e9eba6089f072d81855b91107,0.999940,Blua Eaec YY-K c23-26,Blua Eaec YY-K c23-26 2,Blua Eaec YY-K c23-26 2 A Ring,-7395.875000,-661.250000,15332.531250,-125.078851
214,00f11d327751390761af904dc468866dc70cbfd0,0.999940,Voqua HG-Y f2,Voqua HG-Y f2 A 3,Voqua HG-Y f2 A 3 A Ring,-8040.468750,-2469.781250,17327.281250,-133.254639
216,4e7c8ab92fc34dfd13929661aebc24b51b36ae97,0.999940,Boerth UU-W d2-999,Boerth UU-W d2-999 4,Boerth UU-W d2-999 4 B Ring,-4824.812500,-398.031250,15831.125000,-115.719513
217,6a31e3335adc316b36ef26ce8ece6508310ae869,0.999940,Prua Dryoae WD-T c19-3,Prua Dryoae WD-T c19-3 B 6,Prua Dryoae WD-T c19-3 B 6 C Ring,1561.093750,-400.531250,1062.125000,-86.461559
218,e20ee688048a763d2fcf63904e3fe5a2817aadcd,0.999940,Pru Aescs QH-P c20-15,Pru Aescs QH-P c20-15 ABCD 1,Pru Aescs QH-P c20-15 ABCD 1 C Ring,-3815.843750,440.937500,8779.968750,-102.645538
219,ea107ddd4113727d8e664ec5b8cc0c92b23dd9a0,0.999939,Blua Eaec TG-H c25-23,Blua Eaec TG-H c25-23 5,Blua Eaec TG-H c25-23 5 C Ring,-6955.781250,-680.031250,15406.656250,-123.635063
223,7e995fd2eda1dd6876d1a046d8c1d3481d974938,0.999938,Greae Hypoea BH-Y c3-5,Greae Hypoea BH-Y c3-5 3,Greae Hypoea BH-Y c3-5 3 A Ring,-8409.687500,-1449.906250,13201.343750,-123.593614
225,47bf34e93f1304b4ee56f2a2f6c42f15940f41cf,0.999937,Sifaea GP-V b17-1,Sifaea GP-V b17-1 3,Sifaea GP-V b17-1 3 C Ring,5858.500000,297.750000,597.468750,-77.017761
227,8346310040cc4411d264a8e6e13a9f01af775df7,0.999935,Prua Phoe TJ-G d11-214,Prua Phoe TJ-G d11-214 B 4,Prua Phoe TJ-G d11-214 B 4 C Ring,-5423.937500,-606.718750,11441.281250,-110.650305
228,d538d2a645a18fa299f3fcdd1f735d0f84409d7e,0.999935,Sphuedeou IS-B d13-0,Sphuedeou IS-B d13-0 5,Sphuedeou IS-B d13-0 5 C Ring,4442.906250,1492.062500,86.000000,-80.288732
229,371844629fa56dcaba6859d6aa6ad1c1e629340f,0.999935,Slegoea RB-O c9-4,Slegoea RB-O c9-4 6,Slegoea RB-O c9-4 6 C Ring,-22644.625000,-95.062500,-3222.250000,-127.898548
230,3b610b8f250692c4a9fa286bfd4704fa89ea06ec,0.999935,Synuefe RG-M b40-2,Synuefe RG-M b40-2 3,Synuefe RG-M b40-2 3 C Ring,515.062500,-231.812500,-186.000000,-88.924223
232,5b3c955518f3cb6d62b3ab64d6dc32a4a7a538a1,0.999935,Flyua Phio KS-J d9-26,Flyua Phio KS-J d9-26 4,Flyua Phio KS-J d9-26 4 C Ring,2037.437500,-691.375000,10031.343750,-82.773187
235,c1a086255b5b6b51ee2058e72452685c6d271f33,0.999934,Slegi GI-O c8-0,Slegi GI-O c8-0 4,Slegi GI-O c8-0 4 A Ring,-2062.000000,-419.968750,-3264.062500,-94.093579
236,580c8f5f3de4522a36df2025f791f83526bca5bc,0.999934,Dryoea Flyi SJ-R e4-4933,Dryoea Flyi SJ-R e4-4933 A 2,Dryoea Flyi SJ-R e4-4933 A 2 B Ring,-5139.812500,-1117.593750,19005.218750,-126.837807
240,e272c8a250c0698572b0bbd574f5dd4003758123,0.999932,LTT 12696,LTT 12696 3,LTT 12696 3 C Ring,23.687500,77.000000,-51.375000,-90.003381
241,681af6211ce3149630373a6d3bfb09cab90fd430,0.999932,Prua Phoe ZO-I c9-4,Prua Phoe ZO-I c9-4 2,Prua Phoe ZO-I c9-4 2 A Ring,-5914.437500,-1236.312500,10856.281250,-111.545452
250,e46aa2db4bffc9a329a4bb9c2bb4ce7fbc60e918,0.999929,Puekeau EW-N e6-1199,Puekeau EW-N e6-1199 2,Puekeau EW-N e6-1199 2 C Ring,-1832.593750,139.843750,14182.125000,-99.009007
252,bd97e69b0ef191b1987c14261e78a129f7063f73,0.999928,Pro Eurl AX-O b47-0,Pro Eurl AX-O b47-0 ABC 4,Pro Eurl AX-O b47-0 ABC 4 B Ring,1977.875000,55.906250,1237.937500,-85.472958
253,dd7f52434fd4eb66f0d65988af954aab8b5555a2,0.999928,Swoilz MC-L c24-8,Swoilz MC-L c24-8 4,Swoilz MC-L c24-8 4 A Ring,426.468750,-254.875000,1274.000000,-89.066518
256,63f48edd70f9cedb725c005b90efba2244136c30,0.999926,Wregoe DF-W c16-4,Wregoe DF-W c16-4 3,Wregoe DF-W c16-4 3 C Ring,1124.531250,410.062500,-344.531250,-87.601434
260,f3eaad06062ff152a6db05b78ae4adf36344a130,0.999925,Blua Hypue TP-M c8-22,Blua Hypue TP-M c8-22 A 2,Blua Hypue TP-M c8-22 A 2 C Ring,-4823.812500,-745.593750,12120.625000,-109.387267
261,b898da82150200986b10a4af725fb0967bbb9fdc,0.999925,Dryoea Flyi SX-J c25-2102,Dryoea Flyi SX-J c25-2102 A 2,Dryoea Flyi SX-J c25-2102 A 2 A Ring,-4373.718750,-107.750000,19224.218750,-123.382598
262,c9c035e41dad9ffce05678444c91c7a47a21f0cf,0.999924,Drojai TA-U d4-79,Drojai TA-U d4-79 AB 5,Drojai TA-U d4-79 AB 5 A Ring,-15147.937500,-96.562500,3189.093750,-123.746921
263,0ac7e5f02c431b4699e9a59452b2974088ec7ea8,0.999924,Pru Eurk SA-H c10-9,Pru Eurk SA-H c10-9 5,Pru Eurk SA-H c10-9 5 C Ring,-2678.718750,91.312500,669.187500,-96.116939
265,1501e51308946fa5291209e9fe23f97c3493e5ed,0.999924,Dryoea Prue CB-X f1-2403,Dryoea Prue CB-X f1-2403 3,Dryoea Prue CB-X f1-2403 3 C Ring,2803.093750,-1434.687500,21379.406250,-58.429373
266,07d0ec450d8edb27cc28a0fe4e07c02d2ddc9522,0.999924,Graea Hypa ZQ-A c15-44,Graea Hypa ZQ-A c15-44 B 2,Graea Hypa ZQ-A c15-44 B 2 C Ring,-3191.312500,-680.093750,13684.218750,-104.751722
268,64fe1c271d22497ed1994c75ba18ff6b7f7969c9,0.999923,Pyraleau XF-H c13-24,Pyraleau XF-H c13-24 4,Pyraleau XF-H c13-24 4 A Ring,-2737.000000,-60.625000,5896.875000,-97.862227
269,b69025ffd8719e93b991b6f609b2a56b81316a55,0.999923,Blua Eaec NT-F c12-52,Blua Eaec NT-F c12-52 9,Blua Eaec NT-F c12-52 9 B Ring,-7139.781250,-705.062500,14816.593750,-122.881203
271,3247e3df990042ad973d468450c4bdbe28e66ddb,0.999922,Prieluia MV-I c24-16,Prieluia MV-I c24-16 7,Prieluia MV-I c24-16 7 C Ring,523.906250,547.531250,8963.937500,-88.313393
273,22ad1eb3287fe50c548d5d97b6d78eabe88ce609,0.999921,Pyramoe HR-Y c3-9,Pyramoe HR-Y c3-9 4,Pyramoe HR-Y c3-9 4 B Ring,-310.593750,-88.656250,5505.468750,-90.943338
276,3488e31f47358bd57134b415775437137530bbf5,0.999920,Droju MS-D b2-0,Droju MS-D b2-0 4,Droju MS-D b2-0 4 B Ring,-784.125000,-543.437500,2817.687500,-92.008163
280,2247b7bd364bd7af7593c39823dd2d594b181081,0.999919,Traikaae QI-B d13-35,Traikaae QI-B d13-35 8,Traikaae QI-B d13-35 8 C Ring,-366.906250,-5.875000,5252.843750,-91.088016
281,6af961acf58b244d6149e57d41d35ca2baf35594,0.999919,Hypheerld RB-I b41-2,Hypheerld RB-I b41-2 3,Hypheerld RB-I b41-2 3 A Ring,-2881.875000,-487.875000,-4017.500000,-95.550032
286,ad98bb62194f3a2a0d2f7b91d8e7dc1d8a564bfc,0.999918,Greae Hypa VB-O c6-18,Greae Hypa VB-O c6-18 5,Greae Hypa VB-O c6-18 5 C Ring,-8078.312500,-1210.937500,13299.656250,-122.745940
288,d510056300e7c49ff939986f7e956a758c6dc798,0.999917,Blo Eurl LQ-C c26-25,Blo Eurl LQ-C c26-25 8,Blo Eurl LQ-C c26-25 8 C Ring,2634.468750,2.625000,5187.187500,-82.820102
299,241b1472b1d808e24a8c989c932640b06007a16b,0.999913,Granou DL-Y f245,Granou DL-Y f245 2,Granou DL-Y f245 2 B Ring,-4725.406250,-2067.343750,18646.843750,-123.223849
302,ba65e6dfaa0cdd4bae1caab9473cbbb08d23e6b2,0.999912,Blae Phoe SV-G c13-376,Blae Phoe SV-G c13-376 9,Blae Phoe SV-G c13-376 9 C Ring,756.656250,-106.125000,14873.062500,-86.205012
304,44b3870a094d6da305cbd33f11fb21dd5491e26d,0.999912,Egnaiwn ZU-Y f56,Egnaiwn ZU-Y f56 1,Egnaiwn ZU-Y f56 1 A Ring,-989.062500,2446.187500,22552.875000,-106.858562
305,5aae1e8398e6e13d4158cf5d9188fd2ed3b2a3ad,0.999911,Pru Euq CR-D b12-6,Pru Euq CR-D b12-6 A 4,Pru Euq CR-D b12-6 A 4 A Ring,-1177.718750,43.843750,483.343750,-92.709716
306,652ab9e6d4d7eac029c9622dbb5bbb3eddd0942b,0.999911,Eord Flyue JH-V f2-521,Eord Flyue JH-V f2-521 3,Eord Flyue JH-V f2-521 3 B Ring,3695.187500,-1414.562500,17868.750000,-65.441359
307,7131a3305ac5f0533cb5ab48b14cac9eb234e3a7,0.999911,Blua Hypue JM-W f1-32,Blua Hypue JM-W f1-32 1,Blua Hypue JM-W f1-32 1 B Ring,-4671.343750,-1031.062500,12513.250000,-109.332782
309,c1ec85fce51d19aa17e5d5545b44055934a80c83,0.999910,Phylur UR-W d1-33,Phylur UR-W d1-33 5,Phylur UR-W d1-33 5 B Ring,-1488.375000,64.875000,1698.562500,-93.578706
310,e83b91954bb14362dfcf4321ffeec3f40d418238,0.999910,Throepps FW-W f1-239,Throepps FW-W f1-239 2,Throepps FW-W f1-239 2 B Ring,-706.343750,1919.125000,20207.312500,-97.322937
311,1136ba55283e2ed26233e98084c3fb62367c9d1b,0.999910,Prua Eaec GO-A c1-1,Prua Eaec GO-A c1-1 7,Prua Eaec GO-A c1-1 7 B Ring,-7972.437500,-800.968750,10512.062500,-117.462546
314,69e64348a4c906e3bc42a77ce9a3a40e4b3ae2ce,0.999909,Synuefe RQ-G c26-6,Synuefe RQ-G c26-6 AB 3,Synuefe RQ-G c26-6 AB 3 B Ring,960.781250,-429.468750,77.281250,-87.925067
315,f6ba4e46ad57f2179244e3e355d6e893819b62d8,0.999908,Smojue VA-W b29-0,Smojue VA-W b29-0 5,Smojue VA-W b29-0 5 C Ring,-283.500000,18.093750,3418.500000,-90.786744
316,63309a4d9b7067c0d8c1bc6670dcc7ef1c4160ee,0.999908,Col 132 Sector RP-V c16-1,Col 132 Sector RP-V c16-1 5,Col 132 Sector RP-V c16-1 5 B Ring,1370.656250,-352.906250,-404.625000,-87.071965
317,46e63b6096c3c1bd3a01e7168688b766c7ad5037,0.999908,Spoijio CB-X f1-66,Spoijio CB-X f1-66 2,Spoijio CB-X f1-66 2 B Ring,-5177.625000,-1409.281250,20212.843750,-132.453711
319,e6bac6830ab6a8be029c2c118848337026b4022a,0.999907,Ogainks JM-V e2-6288,Ogainks JM-V e2-6288 3,Ogainks JM-V e2-6288 3 A Ring,2015.000000,652.500000,19922.656250,-71.587970
320,3b82fbbb4ec33fa3ac282dc014b26806df34287d,0.999907,Aucoks AV-V d3-11,Aucoks AV-V d3-11 5,Aucoks AV-V d3-11 5 B Ring,1057.187500,-33.468750,1847.625000,-87.543224
321,6f711f96ecfe060c233fa5c40dd38a3eeefc4a07,0.999906,Dryio Flyi DF-A e1592,Dryio Flyi DF-A e1592 4,Dryio Flyi DF-A e1592 4 B Ring,-5510.937500,-997.687500,18288.937500,-126.031611
322,904093e8003b82fdb871c04e20357da34f43869e,0.999905,Droju CQ-W c18-6,Droju CQ-W c18-6 6,Droju CQ-W c18-6 6 B Ring,-923.187500,-44.437500,3591.781250,-92.434396
324,85a4542560bd072a4e4f6c5709c244c86b6ee038,0.999903,Oephaidst NN-S e4-1086,Oephaidst NN-S e4-1086 2,Oephaidst NN-S e4-1086 2 C Ring,-7758.937500,1130.093750,17808.343750,-133.890482
326,10d31ba0ed61347f39d95c4e52d7f21ac8b990b5,0.999901,Flyiedgiae BS-W c4-9,Flyiedgiae BS-W c4-9 ABC 1,Flyiedgiae BS-W c4-9 ABC 1 B Ring,-3370.781250,-141.531250,8099.687500,-100.801288
328,0208e90b62a23d13081af457fec9e0e42b5cd7e7,0.999901,Col 359 Sector OJ-W c16-2,Col 359 Sector OJ-W c16-2 6,Col 359 Sector OJ-W c16-2 6 C Ring,-319.625000,45.687500,835.093750,-90.788228
329,1445307475f7c99b2f728c52a49fbf42fa7c3ed7,0.999900,Phroi Phio TB-X c17-0,Phroi Phio TB-X c17-0 6,Phroi Phio TB-X c17-0 6 A Ring,7032.531250,-311.750000,-4125.562500,-76.863525
332,366609444cf985a5784db5342896fa93b9c2b2fe,0.999899,Swoiwns ZI-T d3-1,Swoiwns ZI-T d3-1 A 6,Swoiwns ZI-T d3-1 A 6 A Ring,-230.656250,-1073.156250,571.343750,-90.578794
334,d231f2617f985af3f738625033210bf05becd7f5,0.999899,Boeph AM-L d8-272,Boeph AM-L d8-272 AB 3,Boeph AM-L d8-272 AB 3 C Ring,-8687.343750,-739.218750,16320.281250,-132.285985
335,4d6822c4587ca73ba59e6c42a79684dca0207dc4,0.999898,Skaude JX-H b27-1,Skaude JX-H b27-1 7,Skaude JX-H b27-1 7 C Ring,-4804.500000,-557.125000,9762.812500,-106.662011
336,f63ca2a170c683f147dce5ac5e49e97ce42a35f3,0.999898,Aucofs QR-R b48-0,Aucofs QR-R b48-0 AB 3,Aucofs QR-R b48-0 AB 3 B Ring,-2982.093750,-743.187500,2538.281250,-97.335254
337,7ccb44a6d4faec4993f0a2af535a2fbde41b997a,0.999898,Byoi Ais AA-A f17,Byoi Ais AA-A f17 2,Byoi Ais AA-A f17 2 B Ring,1317.687500,1506.875000,15757.750000,-82.737683
338,17b63f2074dc4959896ed6619aff2bf869d768d4,0.999897,Myriesly LM-L d8-4345,Myriesly LM-L d8-4345 3,Myriesly LM-L d8-4345 3 C Ring,-135.031250,554.812500,25275.312500,-104.388429
339,ee84c8bf9c56b3331dff1702abdb4360db60b767,0.999896,Hypio Pri DE-E d13-2620,Hypio Pri DE-E d13-2620 5,Hypio Pri DE-E d13-2620 5 C Ring,196.437500,-26.781250,25656.937500,-54.834795
340,fce7e846f1fa43dcf0ab431b50609e5407de35ff,0.999895,Prua Dryoae QV-Y c16-7,Prua Dryoae QV-Y c16-7 4,Prua Dryoae QV-Y c16-7 4 A Ring,1943.781250,-320.156250,941.812500,-85.604252
341,0178ae128eda0c350700eb81875fc8ad24eeb25c,0.999893,Blae Eork WD-F c2,Blae Eork WD-F c2 A 3,Blae Eork WD-F c2 A 3 C Ring,8579.656250,-198.500000,1506.750000,-70.674784
342,ab1cf2aac3d1ac0ca9710cb7ecd9edc8f404e90c,0.999892,Blue Phraa JH-V f2-231,Blue Phraa JH-V f2-231 2,Blue Phraa JH-V f2-231 2 C Ring,-9117.937500,-1603.875000,15399.718750,-131.047916
343,0f9a3f6c059b83241bb01ffcdef3d1c526e2dc51,0.999892,Swoilz AG-U c4-0,Swoilz AG-U c4-0 AB 7,Swoilz AG-U c4-0 AB 7 A Ring,417.968750,-659.000000,451.000000,-89.115833
345,2bbcf59e0a015369bc15384a337951eeb7083584,0.999891,Bleae Aewsy GV-X d1-11,Bleae Aewsy GV-X d1-11 5,Bleae Aewsy GV-X d1-11 5 B Ring,-306.343750,599.218750,11923.062500,-91.358925
351,53622bd4bbfd0ec22df187d9f5ec10724afe4184,0.999888,Prungea YD-D b14-1,Prungea YD-D b14-1 AB 2,Prungea YD-D b14-1 AB 2 B Ring,12776.843750,358.812500,8196.312500,-54.235473
353,25e3fdec0e6dc0eb7e3c81c04319fc12c1fc0fc1,0.999888,Whuedeou BI-I c26-0,Whuedeou BI-I c26-0 4,Whuedeou BI-I c26-0 4 B Ring,2538.406250,-1379.531250,59.718750,-84.444962
355,d10d62ce7bef910c95303cd0062e448e7f20a9a4,0.999886,Myeade XK-Z c1,Myeade XK-Z c1 AB 10,Myeade XK-Z c1 AB 10 B Ring,-65.656250,247.625000,-7424.187500,-90.156245
360,d98ff9177de714a0d2dcbd9cf6dc6d2bd3292ce8,0.999884,Phaa Ain HI-Y c28-8,Phaa Ain HI-Y c28-8 3,Phaa Ain HI-Y c28-8 3 A Ring,-4258.281250,178.343750,-3662.812500,-98.244497
361,cd0b566c50897b3fe2200007cb4eb47e8f27a444,0.999884,Sifi FD-A d14-9,Sifi FD-A d14-9 2,Sifi FD-A d14-9 2 C Ring,-2329.968750,220.406250,1431.218750,-95.497946
363,102c0559dc66935ffd914e0b9092367a2492c529,0.999883,Grea Hypoo QQ-Y c16-86,Grea Hypoo QQ-Y c16-86 ABCD 2,Grea Hypoo QQ-Y c16-86 ABCD 2 C Ring,-9628.343750,-363.375000,13768.843750,-128.511656
364,bf04b8c241684966c4ee3b487c3e44b0e799302f,0.999883,Prua Phio VN-B c16-59,Prua Phio VN-B c16-59 16,Prua Phio VN-B c16-59 16 C Ring,1693.843750,-144.531250,11167.843750,-83.537969
369,ce66958be08921ef66d655f1600fb59a53a2fcb6,0.999880,Swoidai GC-S d5-32,Swoidai GC-S d5-32 B 9,Swoidai GC-S d5-32 B 9 A Ring,5932.437500,-111.687500,722.625000,-76.795845
370,86fa9ae71edeaa6ed9352972f145b0199efc3d6c,0.999880,Pyramoe FS-R d5-109,Pyramoe FS-R d5-109 AB 5,Pyramoe FS-R d5-109 AB 5 B Ring,-885.562500,-334.562500,5825.031250,-92.597675
371,fae9e3e6ee98e38e20139b0b75cf3741d73eaa7c,0.999880,Boeph GH-L d8-342,Boeph GH-L d8-342 B 7,Boeph GH-L d8-342 B 7 C Ring,-8316.218750,-756.187500,16356.687500,-131.155534
375,02d71a3039f24a38b47a9bf6a7584e9f1ff818a3,0.999877,Blaa Eohn IZ-D d13-25,Blaa Eohn IZ-D d13-25 B 4,Blaa Eohn IZ-D d13-25 B 4 C Ring,-5965.312500,-142.593750,2660.500000,-104.454688
379,1a9651f7953e6cdb66af572e805b0abf51848744,0.999875,Traikaae II-K c8-10,Traikaae II-K c8-10 5,Traikaae II-K c8-10 5 C Ring,-1327.531250,46.562500,4418.218750,-93.603275
380,a759fa07da40af875160daaacb5a3b063855f43a,0.999875,Tr 24 Sector SK-D c13-8,Tr 24 Sector SK-D c13-8 AB 5,Tr 24 Sector SK-D c13-8 AB 5 B Ring,881.375000,27.500000,3654.406250,-87.795968
381,94cf89f2724d187c9a74e98a24cf692587c2cbac,0.999875,Pru Euq TY-A c3,Pru Euq TY-A c3 3,Pru Euq TY-A c3 3 A Ring,-1208.156250,207.000000,234.500000,-92.751279
382,8ea21363b34e7bf708d6a654c2aca902aa2044f1,0.999875,Leamao ON-X c3-120,Leamao ON-X c3-120 3,Leamao ON-X c3-120 3 A Ring,3312.343750,-325.968750,19592.218750,-62.474862
383,4e8f230a810ecf2ac52363105db6ab95f1db7f03,0.999874,Synuefe WZ-W b34-1,Synuefe WZ-W b34-1 A 1,Synuefe WZ-W b34-1 A 1 C Ring,102.031250,-211.750000,-320.125000,-89.832151
384,0e69929b24405c171e9d999794c6993d779dd431,0.999873,Ellaisms DL-F d11-157,Ellaisms DL-F d11-157 A 3,Ellaisms DL-F d11-157 A 3 C Ring,-5350.968750,252.062500,10171.343750,-108.870896
385,65d1dcffd72223de52d8906b517e10c78288afd5,0.999873,Prooe Drye CH-J c23-1,Prooe Drye CH-J c23-1 7,Prooe Drye CH-J c23-1 7 B Ring,-1822.031250,-1022.531250,1220.031250,-94.280507
387,3671a5bf367860ba646e8d2e3bbb375aec948415,0.999873,Traikoa BN-Y c15-2,Traikoa BN-Y c15-2 AB 1,Traikoa BN-Y c15-2 AB 1 C Ring,-2158.000000,530.718750,4744.468750,-95.891989
388,43511464e73f2e6ed9375ddb517c0f114275c0a9,0.999873,Byoi Euq HI-Y c28-16,Byoi Euq HI-Y c28-16 7,Byoi Euq HI-Y c28-16 7 C Ring,-5509.093750,177.468750,6576.250000,-105.981711
390,182cb03c1b2af74856874a40e88448690fe6b083,0.999871,Scheau Phoe IZ-O b52-1,Scheau Phoe IZ-O b52-1 7,Scheau Phoe IZ-O b52-1 7 B Ring,-5620.468750,-269.406250,-5055.281250,-100.336127
391,1e958988c9451e36f17cfee3e3f18c346c1f09e2,0.999871,Flyiedge NS-T c19-28,Flyiedge NS-T c19-28 6,Flyiedge NS-T c19-28 6 A Ring,-4955.343750,-302.562500,8753.656250,-106.197221
393,6453e30fba6fcc9097554daf81da7a686a922a68,0.999870,Prae Drye HD-Z d1-22,Prae Drye HD-Z d1-22 B 5,Prae Drye HD-Z d1-22 B 5 B Ring,-3772.437500,-174.281250,381.750000,-98.464710
395,fbee66dd2120f8654445b381e3f8b58ec624cf51,0.999870,Qieduia XV-K d9-19,Qieduia XV-K d9-19 5,Qieduia XV-K d9-19 5 C Ring,-3157.531250,-237.750000,-5333.937500,-95.818384
400,761b4e85208394e44ba7e23015f328ed9466863a,0.999869,Hypuae Ain AV-E b41-0,Hypuae Ain AV-E b41-0 A 3,Hypuae Ain AV-E b41-0 A 3 C Ring,455.875000,440.687500,-5304.750000,-89.209311
401,64fa7443389d21ddad90c7ef03f163a601e53a7e,0.999869,Hegua SS-T d3-40,Hegua SS-T d3-40 5,Hegua SS-T d3-40 5 B Ring,-3082.656250,311.406250,-3257.062500,-96.084237
402,133343d174eb8d3ccfe0679cc9cd5199e63620b0,0.999869,Gria Drye AV-V d3-53,Gria Drye AV-V d3-53 B 7,Gria Drye AV-V d3-53 B 7 C Ring,-1457.812500,-63.000000,5664.906250,-94.191723
403,b66110f4bf954c70a14e56653d5e76f7a2561901,0.999869,Bleia Dryiae SQ-P c8-21,Bleia Dryiae SQ-P c8-21 AB 3,Bleia Dryiae SQ-P c8-21 AB 3 C Ring,-748.468750,-108.000000,4423.625000,-92.063194
404,b7b8c8b5ba8866181d5c1dbe39e713153dcedf7b,0.999869,Blaa Dryou QA-P b10-2,Blaa Dryou QA-P b10-2 AB 6,Blaa Dryou QA-P b10-2 AB 6 B Ring,4989.750000,-415.218750,4278.343750,-77.068485
407,7979a712bd6501cebee1b79725c8d323bdf3a5a5,0.999866,Dryau Ausms IL-Y e1473,Dryau Ausms IL-Y e1473 A 2,Dryau Ausms IL-Y e1473 A 2 C Ring,-1508.187500,1440.750000,20881.781250,-106.991567
411,ba77657a45a0e16af9082fa2cf27622c28a7b1c1,0.999864,Whamboi PI-T e3-160,Whamboi PI-T e3-160 3,Whamboi PI-T e3-160 3 A Ring,-2088.625000,367.937500,18864.750000,-106.723734
412,2b2f2e15bc4d1a9bbb24fce48effe28c6a7050e2,0.999863,Ploi Aec ZM-U c3-7,Ploi Aec ZM-U c3-7 7,Ploi Aec ZM-U c3-7 7 B Ring,7362.656250,324.000000,6804.718750,-68.980499
414,e8f158c5cee3cb8188ed9f6bd9a12210f7e0bf20,0.999860,Blua Hypa RQ-J b53-26,Blua Hypa RQ-J b53-26 7,Blua Hypa RQ-J b53-26 7 C Ring,-6512.656250,-659.000000,12880.218750,-116.663542
415,4a6f4e2c7cff4459fad8fcfeb8c8101b3609c7e7,0.999860,Clooku EB-G c26-16,Clooku EB-G c26-16 3,Clooku EB-G c26-16 3 C Ring,-6193.281250,-569.312500,12891.125000,-115.548777
417,b4c8cfb2c6392688863784d958ef8545c2ea61c0,0.999859,Blaa Hype RP-S c19-0,Blaa Hype RP-S c19-0 7,Blaa Hype RP-S c19-0 7 C Ring,4702.468750,-524.437500,12587.218750,-70.641782
419,3fb0c6a9bb46b27f6d9e29b029afe03084ce15bc,0.999859,Prue Dryue GR-T d4-104,Prue Dryue GR-T d4-104 6,Prue Dryue GR-T d4-104 6 C Ring,-13181.406250,-210.562500,632.187500,-117.594565
420,2c56d2d6e4daf306145dcdf2546f9f46d75806da,0.999858,Clooku MU-F c27-124,Clooku MU-F c27-124 ABCD 1,Clooku MU-F c27-124 ABCD 1 C Ring,-6431.781250,-253.125000,12930.562500,-116.467059
422,d3bb456f94e60970431d7aeb5cc9cedd9d117f0d,0.999857,Preia Phoe XW-X c3-70,Preia Phoe XW-X c3-70 ABC 3,Preia Phoe XW-X c3-70 ABC 3 B Ring,-4880.406250,-231.093750,10620.718750,-107.799981
423,44db5e4655add039c0f54538754ecc39a7141ede,0.999857,Graea Hypue IO-M c9-7,Graea Hypue IO-M c9-7 AB 3,Graea Hypue IO-M c9-7 AB 3 B Ring,-859.406250,-408.781250,13438.375000,-94.060508
424,363253e888e8f6f5254575e61d6fc8b68c146c0a,0.999857,Droju JN-M c10-8,Droju JN-M c10-8 BC 6,Droju JN-M c10-8 BC 6 A Ring,-225.406250,-43.562500,3242.562500,-90.633752
425,e09b8906dc5f85e659a68d813d97ac4d98e6cd70,0.999857,Preia Phoe MZ-C c1-40,Preia Phoe MZ-C c1-40 5,Preia Phoe MZ-C c1-40 5 C Ring,-4923.687500,-277.312500,10511.843750,-107.828079
427,1aaea3aff3807bbcf3a10c15f32d6e5166c0a908,0.999855,Thailoi JN-N c22-7,Thailoi JN-N c22-7 13,Thailoi JN-N c22-7 13 C Ring,-2647.187500,-475.375000,5022.812500,-97.294548
429,935d6c44d8c0cb6fbe1003b785b1ff008fb51409,0.999853,Eord Flyuae AF-A e128,Eord Flyuae AF-A e128 2,Eord Flyuae AF-A e128 2 C Ring,-7343.843750,-1000.625000,16860.468800,-129.187156
430,6cc547ee1f29f04fef792907b64ec59e25b13c78,0.999853,Wepai QU-G c26-1890,Wepai QU-G c26-1890 6,Wepai QU-G c26-1890 6 C Ring,-38.031250,-409.062500,24411.625000,-92.433429
433,1c8e30c10a536cada7b5901903872f7efaf5c241,0.999850,Prua Dryoae XM-D c28-1,Prua Dryoae XM-D c28-1 6,Prua Dryoae XM-D c28-1 6 B Ring,2333.843750,-362.281250,1450.406250,-84.605898
436,1c771bc2d139e28ebabfbb265602d83cb79a3b11,0.999850,Stuelou KS-J d9-316,Stuelou KS-J d9-316 7,Stuelou KS-J d9-316 7 B Ring,-6903.437500,-711.031250,13858.000000,-119.915077
437,a70490d377e76ebb54192b266451d5b912aaad81,0.999850,Thaila ZR-U c19-64,Thaila ZR-U c19-64 ABC 2,Thaila ZR-U c19-64 ABC 2 C Ring,6136.468750,-100.218750,4907.093750,-73.769158
438,14ad366fdd57943b93b3f8c1d4e18ad31994817e,0.999850,Graea Hypue MD-A d1-280,Graea Hypue MD-A d1-280 AB 1,Graea Hypue MD-A d1-280 AB 1 B Ring,-1140.812500,-441.656250,13136.562500,-95.219902
439,4eed7baec29e5f4dbe8353a25feec2da26661497,0.999849,Hypio Pri ZQ-Y c3-3086,Hypio Pri ZQ-Y c3-3086 A 1,Hypio Pri ZQ-Y c3-3086 A 1 C Ring,643.781250,-81.812500,24722.625000,-62.283094
442,914019603c5170c97f2cf31b84076b7916938621,0.999848,Schafaei KY-O c7-0,Schafaei KY-O c7-0 7,Schafaei KY-O c7-0 7 C Ring,-17582.062500,617.562500,-8420.062500,-117.159284
443,c90488c41d3919e9ebde8094ccd87743d83bb616,0.999848,Qiedao OT-X c2-0,Qiedao OT-X c2-0 AB 3,Qiedao OT-X c2-0 AB 3 B Ring,-17664.312500,-662.781250,-6061.968750,-118.962605
445,3c1b7d0cc4514e3ea85bf656e00ba38db5246757,0.999846,Whambeia PM-W e1-1171,Whambeia PM-W e1-1171 3,Whambeia PM-W e1-1171 3 B Ring,2407.375000,1.250000,18475.656250,-72.210703
446,c19f7e0813ad38122e6ccebe827fee9ce9274bea,0.999846,Phraa Hypa OJ-D b31-0,Phraa Hypa OJ-D b31-0 2,Phraa Hypa OJ-D b31-0 2 C Ring,-1424.312500,-299.843750,-6802.843750,-92.537938
448,4446af457d37c6105bd7144f376923ff592b390e,0.999844,Gludgoea SW-J c22-21,Gludgoea SW-J c22-21 9,Gludgoea SW-J c22-21 9 B Ring,-3790.718750,53.656250,-3935.718750,-97.288470
451,ba47adc075c513f369c07789333b4e5a7974da99,0.999843,Bleia Eohn PC-M d7-1,Bleia Eohn PC-M d7-1 11,Bleia Eohn PC-M d7-1 11 B Ring,-449.437500,-1210.812500,2137.156250,-91.144317
453,b4794c6dea0895ac3191a5129a9a74a5a99b0285,0.999842,Flyiedgiae BS-W c4-70,Flyiedgiae BS-W c4-70 A 5,Flyiedgiae BS-W c4-70 A 5 C Ring,-3383.750000,-141.187500,8117.312500,-100.852051
454,3e92c09eaa644dcd3d4683048146d7a50286dcca,0.999841,Eeshorks SN-A d1-1354,Eeshorks SN-A d1-1354 2,Eeshorks SN-A d1-1354 2 A Ring,2182.593750,-344.875000,17007.156250,-76.363624
457,1bf47df384b038ee4fa0ab57dd9dc94bf83166c2,0.999841,Blue Hypooe FW-N e6-1,Blue Hypooe FW-N e6-1 2,Blue Hypooe FW-N e6-1 2 B Ring,-12027.031250,-1105.968750,12870.906250,-132.769696
458,1c00ffc0cf640b9c85ea1998fad774bea96606bd,0.999840,Gru Drye BA-Q c21-8,Gru Drye BA-Q c21-8 7,Gru Drye BA-Q c21-8 7 C Ring,-7371.656250,-333.187500,6276.875000,-110.653806
459,7a61828863c66e48f73bf4c6c2cc7b2041e8140e,0.999839,Sphoetz GW-W f1-159,Sphoetz GW-W f1-159 A 2,Sphoetz GW-W f1-159 A 2 B Ring,-9535.031250,-1664.500000,16233.437500,-134.683285
460,c4e3ccbe20e28595ca6f40a084d396bdc4832083,0.999839,Gludgoea QO-Q d5-41,Gludgoea QO-Q d5-41 13,Gludgoea QO-Q d5-41 13 B Ring,-3533.500000,482.437500,-4417.125000,-96.694927
461,d606f26029d87f6f4a0dc5725560d7e38325cc64,0.999839,Synuefou EU-G c27-22,Synuefou EU-G c27-22 4,Synuefou EU-G c27-22 4 C Ring,4908.125000,-55.562500,113.625000,-79.277420
462,a47b7ec37e72279850bc781966f9812e040c6b39,0.999838,Col 359 Sector YU-O d6-58,Col 359 Sector YU-O d6-58 AB 4,Col 359 Sector YU-O d6-58 AB 4 C Ring,-370.093750,120.468750,616.343750,-90.895753
464,be664ab1d3c332d38bbd9afe474acd80a23d610e,0.999838,Drojo LW-M c23-6,Drojo LW-M c23-6 ABCDE 4,Drojo LW-M c23-6 ABCDE 4 B Ring,-3293.781250,-243.250000,3803.375000,-98.542205
465,ac453fd9278c1820ba0b4c3205139b70ec4a8248,0.999838,Sifi OT-Z d13-56,Sifi OT-Z d13-56 10,Sifi OT-Z d13-56 10 A Ring,-1936.531250,86.687500,1483.437500,-94.593571
467,50eb2606044a539fd2dc2176cea78083a6e8e3f0,0.999836,Prua Eaec AW-C d108,Prua Eaec AW-C d108 B 3,Prua Eaec AW-C d108 B 3 C Ring,-8665.562500,-46.281250,10528.937500,-119.483818
469,91c1c2cfed78a3d9598a602a9eb0499b1a5bb406,0.999835,Foett PS-U e2-71,Foett PS-U e2-71 A 1,Foett PS-U e2-71 A 1 C Ring,-3379.875000,1327.593750,16212.000000,-109.365379
474,cfb4e856ed7652aa3c531eda6b73c7b12ea720a5,0.999835,Skaude WZ-W d2-87,Skaude WZ-W d2-87 9,Skaude WZ-W d2-87 9 C Ring,-4533.468750,-321.312500,9427.406250,-105.469123
476,e75fca3ce134f893c0abebb67dbe258617f7ef86,0.999834,Syralie AK-A d119,Syralie AK-A d119 10,Syralie AK-A d119 10 A Ring,2875.843750,148.281250,5393.968750,-82.085794
480,abcfca5c130ed02b03962e73d34ee05db4c6aad3,0.999833,Athaip DQ-P e5-722,Athaip DQ-P e5-722 2,Athaip DQ-P e5-722 2 B Ring,1167.125000,-991.625000,22958.000000,-68.786598
481,9dea53fcf69bf58398b455572eb56aa23a9b9ecf,0.999832,Col 173 Sector JP-B b31-2,Col 173 Sector JP-B b31-2 5,Col 173 Sector JP-B b31-2 5 A Ring,1063.593750,130.031250,-35.843750,-87.707311
482,b6c7c80e2b89cd937377850dc0407c33c9ee13b7,0.999831,Eumogy OX-J c22-62,Eumogy OX-J c22-62 7,Eumogy OX-J c22-62 7 B Ring,4755.187500,1301.812500,17845.156250,-59.577577
484,3a2dd1b1c29be253baec15f99262181be3384636,0.999831,Blaea Euhn LL-P d5-96,Blaea Euhn LL-P d5-96 16,Blaea Euhn LL-P d5-96 16 C Ring,-15607.218750,45.406250,4576.906250,-126.246018
486,fdc20c8098c7a3d82c77228d1eb2bbc0d64e431c,0.999830,Syralia FM-U c3-4,Syralia FM-U c3-4 ABC 7,Syralia FM-U c3-4 ABC 7 B Ring,1417.843750,326.062500,5509.343750,-86.092919
490,881bb7065225ee433d0bda76d70fb9190edcb9f9,0.999828,Mynoaw FG-Y g1195,Mynoaw FG-Y g1195 2,Mynoaw FG-Y g1195 2 B Ring,4839.093750,-918.593750,19152.406250,-54.495017
491,f2029eb87f6d5c580954545069a3f96f29bff182,0.999826,Egnaiwn YU-Y f84,Egnaiwn YU-Y f84 2,Egnaiwn YU-Y f84 2 C Ring,-1058.062500,2481.093750,22543.750000,-107.888438
493,c896bcc036d32f7ec2779846e6c72fd2a9358ac7,0.999826,Blooe Eop KM-X b20-0,Blooe Eop KM-X b20-0 6,Blooe Eop KM-X b20-0 6 A Ring,12056.250000,-224.906250,1939.500000,-63.337856
494,00d6c9f23d0603e7c90f682b25f3a64fc2012664,0.999826,Blua Hypue KY-Z d13-16,Blua Hypue KY-Z d13-16 6,Blua Hypue KY-Z d13-16 6 A Ring,-4666.281250,-1097.468750,12989.031250,-109.969833
495,d7574b8aa60303ccee19ebc4eb0f2d7b881b53ff,0.999826,Skaudou PH-H c24-2,Skaudou PH-H c24-2 3,Skaudou PH-H c24-2 3 C Ring,-1265.843750,-1047.531250,10249.718750,-94.715919
496,e4525fe59c5a4ddf2b454f418ff220f34394cca0,0.999825,Sifaea HZ-E b13-0,Sifaea HZ-E b13-0 1,Sifaea HZ-E b13-0 1 A Ring,5894.437500,356.375000,504.093750,-76.986894
499,d6e93125f17ca9cd3540d843a9e9f03cb4a764b2,0.999824,Wredgoae QT-N c21-0,Wredgoae QT-N c21-0 A 10,Wredgoae QT-N c21-0 A 10 A Ring,-19504.406250,457.656250,-141.656250,-126.867653
502,e3059e99abd43ef6e9284b75dea2a58f322ce3b2,0.999823,Clookau XJ-H d10-130,Clookau XJ-H d10-130 4,Clookau XJ-H d10-130 4 A Ring,-9187.656250,-953.781250,12618.968750,-124.748595
503,78230c8060843026e3135d56e1d0484628209505,0.999823,Nuekau PH-U d3-22,Nuekau PH-U d3-22 9,Nuekau PH-U d3-22 9 B Ring,-1548.250000,-672.281250,13406.031250,-97.177960
504,304babf4768f5a17be15a80342060009705755df,0.999823,Chaleou ZD-T c6-0,Chaleou ZD-T c6-0 AB 1,Chaleou ZD-T c6-0 AB 1 C Ring,-6343.406250,-1420.250000,5620.281250,-107.434354
505,60f357f8d7e3adb0826a0f47e32349bbfae9f328,0.999823,Dryoi Flyao NS-U e2-779,Dryoi Flyao NS-U e2-779 AB 8,Dryoi Flyao NS-U e2-779 AB 8 B Ring,6622.531250,-1268.250000,18686.187500,-47.555745
506,c2e29ca3c5bc6470c3b20662533c5edc655ab4c4,0.999823,Blaa Dryou WD-S d4-7,Blaa Dryou WD-S d4-7 7,Blaa Dryou WD-S d4-7 7 B Ring,4788.843750,-848.468750,4477.187500,-77.463529
507,37c35334acfe2226601f3c2f4e12af18ab7bd03c,0.999822,HIP 117082,HIP 117082 BC 13,HIP 117082 BC 13 B Ring,-500.406250,-18.906250,-232.031250,-91.152305
508,a90772b62042dd48a888124d72694fe49392b683,0.999822,Blau Eur TQ-C c13-0,Blau Eur TQ-C c13-0 13,Blau Eur TQ-C c13-0 13 C Ring,3907.687500,272.218750,4653.125000,-79.644504
513,5bc89501be3f59008f4855957444c885763021fe,0.999820,Preia Phoe DC-C b59-49,Preia Phoe DC-C b59-49 6,Preia Phoe DC-C b59-49 6 A Ring,-4077.937500,-334.187500,11716.031250,-106.134199
514,adc55222e16425324ca743a951d2f877c3cd55ce,0.999820,Blaea Euhn RY-P c6-1,Blaea Euhn RY-P c6-1 11,Blaea Euhn RY-P c6-1 11 C Ring,-16179.812500,462.250000,4341.906250,-126.931906
516,c6662a02f67859cb55f43c5d24fcac69f7d95420,0.999818,HIP 57799,HIP 57799 ABCD 4,HIP 57799 ABCD 4 C Ring,236.468750,20.031250,111.375000,-89.530666
520,85deb5958bf4008c505c295ac8a9456091696a87,0.999816,Blue Eaewsy MZ-V c16-27,Blue Eaewsy MZ-V c16-27 B 3,Blue Eaewsy MZ-V c16-27 B 3 B Ring,-9884.093750,-917.906250,15035.187500,-132.366635
521,59d1d7fe02a0c8e214efc818bcb9d14cd92286b2,0.999816,Blo Eurl QV-C b13-2,Blo Eurl QV-C b13-2 A 5,Blo Eurl QV-C b13-2 A 5 A Ring,2537.000000,151.593750,4338.406250,-83.355365
522,b50b7cf1696963191e839ef097e0e62088a6320d,0.999815,Flyiedgue SP-N c20-0,Flyiedgue SP-N c20-0 A 4,Flyiedgue SP-N c20-0 A 4 C Ring,-7235.500000,-1187.468750,8790.593750,-112.994949
523,aa3a9c08dfe6aaca641990b3c3ef075480ba0d8e,0.999815,Floarks HG-Y f1003,Floarks HG-Y f1003 A 1,Floarks HG-Y f1003 A 1 B Ring,-2935.156250,-1161.531250,14752.375000,-104.872299
525,cb44105e3165d9c417a0bee4ad81096047e2ac9f,0.999814,Hypau Aick CX-G c25-0,Hypau Aick CX-G c25-0 AB 3,Hypau Aick CX-G c25-0 AB 3 C Ring,-23385.968750,509.937500,-5084.281250,-127.074092
526,521bd3106aa4f7096cc05097e7f465a81d4e145d,0.999814,Eidaih RK-C c1-6,Eidaih RK-C c1-6 B 3,Eidaih RK-C c1-6 B 3 A Ring,-7515.500000,-410.968750,10506.000000,-116.097873
527,696c47ef8b27568f1ec69041980e1f56877cccf3,0.999813,Wredgaea SK-F d11-8,Wredgaea SK-F d11-8 9,Wredgaea SK-F d11-8 9 C Ring,-8793.812500,274.125000,-31.156250,-108.782883
529,3a6b5a2aadbf0f385393e4232bc454a5ed3957c1,0.999813,Dryoea Prue PS-U f2-76,Dryoea Prue PS-U f2-76 A 2,Dryoea Prue PS-U f2-76 A 2 B Ring,3601.156250,-2386.250000,21868.718750,-48.425234
530,6c5affa12e5e361c23addd842426f4b889223aae,0.999812,Byoi Thua QF-T c18-2,Byoi Thua QF-T c18-2 3,Byoi Thua QF-T c18-2 3 A Ring,-5871.156250,517.531250,3601.750000,-104.811844
531,ef4ddb88a5f05d828a628be69c1b08a8f6eab58c,0.999812,Blo Thae UM-S c5-0,Blo Thae UM-S c5-0 2,Blo Thae UM-S c5-0 2 A Ring,6197.531250,647.812500,1762.375000,-75.656061
532,3543fd96194b7e2cc7c6bd0795da501dddf72d63,0.999812,Pyramio RY-Y b15-0,Pyramio RY-Y b15-0 2,Pyramio RY-Y b15-0 2 A Ring,1078.468750,-1004.875000,5679.031250,-87.018324
533,95626be9a2f0e651339e6380630a20111594b383,0.999812,Prae Eaec GC-C d396,Prae Eaec GC-C d396 13,Prae Eaec GC-C d396 13 C Ring,-3703.968750,-366.968750,10463.812500,-103.581723
535,5d2b3b20b2f1d2c0f80f624326b4ac3aa42bd0c2,0.999810,Gru Eoq HN-E c14-5,Gru Eoq HN-E c14-5 6,Gru Eoq HN-E c14-5 6 A Ring,6067.250000,-228.000000,3382.187500,-74.980036
536,7f2798f5c3c16d59705f8a371a63b558b160368c,0.999810,Chraufao MG-I c11-1,Chraufao MG-I c11-1 A 7,Chraufao MG-I c11-1 A 7 A Ring,-5165.000000,734.687500,1982.531250,-102.243672
537,fcd7ed37e7a98cba0910e8e6bd1d3fc4b20b0ce6,0.999810,Prielea CA-P d6-18,Prielea CA-P d6-18 B 7,Prielea CA-P d6-18 B 7 C Ring,-174.187500,573.625000,8506.968750,-90.656853
538,b7b2ec122c17b2801c97b173caada52f6f3efbff,0.999810,NGC 4463 Sector PE-G d11-37,NGC 4463 Sector PE-G d11-37 ABCD 6,NGC 4463 Sector PE-G d11-37 ABCD 6 B Ring,2994.718750,-56.187500,2135.031250,-82.877636
541,47b9cab9fdc65f69575164e8df28a4cbbfca9ff2,0.999808,Dryoea Prao OD-T e3-3471,Dryoea Prao OD-T e3-3471 A 1,Dryoea Prao OD-T e3-3471 A 1 B Ring,2639.156250,-1090.906250,21486.156250,-59.365236
542,dc444d5cabfb3f0f6a7f223f35f8d4d5a9e9d69b,0.999807,Athaip PM-C d9799,Athaip PM-C d9799 5,Athaip PM-C d9799 5 B Ring,1191.437500,-235.093750,22054.468750,-73.129106
544,d8e1464fc168b9b20c4ee984f9168aa65104d5cc,0.999805,Smoju DQ-G d10-5,Smoju DQ-G d10-5 4,Smoju DQ-G d10-5 4 C Ring,14916.718750,6.031250,3699.875000,-56.146866
547,6b8b42bfa18120766d3282125f7db651096141e0,0.999804,Plaa Ain QB-X d1-87,Plaa Ain QB-X d1-87 11,Plaa Ain QB-X d1-87 11 C Ring,1105.281250,222.937500,9399.906250,-86.254871
549,f08d5cebaf90e0c6d6e8c44fc0a97724cc5220e2,0.999803,Prua Dryoae LC-S d5-20,Prua Dryoae LC-S d5-20 6,Prua Dryoae LC-S d5-20 6 A Ring,2475.375000,-176.937500,703.093750,-84.445993
550,39a31df5323d591bf3e5bfb0adb4c5d2af154d0f,0.999801,Pru Eurk IV-Z c15-1,Pru Eurk IV-Z c15-1 3,Pru Eurk IV-Z c15-1 3 A Ring,-3639.625000,782.156250,925.875000,-98.348331
551,b23303d8697115b1aebcdfac620fd1addf44fa8f,0.999800,Hypinks IQ-C c26-2,Hypinks IQ-C c26-2 AB 4,Hypinks IQ-C c26-2 AB 4 C Ring,8895.625000,-5.156250,-7612.437500,-75.174359
552,d1508f5fa2f5d103c4681ed1c91afb4e177b89ac,0.999800,Hegaa BS-U c3-0,Hegaa BS-U c3-0 9,Hegaa BS-U c3-0 9 C Ring,-4010.937500,363.687500,-3432.593750,-97.834691
553,393321516886692182f0fd01285742730076e32d,0.999800,Gludgoea SZ-E c25-34,Gludgoea SZ-E c25-34 2,Gludgoea SZ-E c25-34 2 A Ring,-3104.906250,122.593750,-3785.093750,-96.019279
554,e9d85c2045ae3f6c5aeae7bbfb7ff6a4bdebf309,0.999800,Boesky CA-A f488,Boesky CA-A f488 1,Boesky CA-A f488 1 B Ring,-9451.906250,-1298.281250,15761.687500,-133.069521
555,c8cb3ded7dbda05c75ee48b8be8b05b83af41503,0.999799,Prieluia CB-B b28-2,Prieluia CB-B b28-2 ABCD 4,Prieluia CB-B b28-2 ABCD 4 C Ring,578.843750,181.531250,8500.468750,-88.177552
556,32536c848e7380aee23bc09da3b023d766e342fc,0.999798,Eodgovvy ZK-F b11-6,Eodgovvy ZK-F b11-6 4,Eodgovvy ZK-F b11-6 4 C Ring,1397.218750,51.062500,10706.843750,-84.839958
557,7a5a2c1d616f5c9c0c28512995a34c35252dd3ed,0.999797,Blua Eaec VZ-O d6-474,Blua Eaec VZ-O d6-474 12,Blua Eaec VZ-O d6-474 12 C Ring,-7170.281250,-693.875000,14932.406250,-123.267720
558,fea0ae38a7e84ebbd6648bd989141dc92772aa20,0.999797,Praea Euq LL-N c20-14,Praea Euq LL-N c20-14 BCD 5,Praea Euq LL-N c20-14 BCD 5 B Ring,1097.625000,28.031250,1124.062500,-87.521543
563,71395d4d9338cfb5b69b2bc089c7c36c04a26bb7,0.999794,Traikoa IK-E c25-26,Traikoa IK-E c25-26 8,Traikoa IK-E c25-26 8 A Ring,-2459.968750,-23.156250,5168.687500,-96.835782
564,c70568d1488ed21a07fdd5c738b2b337f4702b75,0.999793,Eephaim GD-R d5-2390,Eephaim GD-R d5-2390 5,Eephaim GD-R d5-2390 5 A Ring,-5120.718750,-576.156250,17360.406250,-121.073153
565,2a75ee610e0a91072161a3e5de52d6340252b898,0.999792,Greae Phio QF-M d8-1777,Greae Phio QF-M d8-1777 4,Greae Phio QF-M d8-1777 4 A Ring,1380.343750,-424.593750,16308.093750,-81.958562
566,df0951b1734fbf869b02b4d4ee3868a72af6d9e9,0.999791,Skaude QY-F c12-18,Skaude QY-F c12-18 ABC 8,Skaude QY-F c12-18 ABC 8 C Ring,-4374.343750,-670.312500,9732.437500,-105.222906
569,abb7bfeda0ee5f8e58de2d919c87d08890413968,0.999790,Prua Phoe TR-F c13-41,Prua Phoe TR-F c13-41 10,Prua Phoe TR-F c13-41 10 B Ring,-6065.375000,-357.781250,11016.750000,-112.255633
570,e5c0eb52a8069b340e689ae7c6588ae9fe8b7237,0.999789,Greae Phoea YF-M d8-511,Greae Phoea YF-M d8-511 B 9,Greae Phoea YF-M d8-511 B 9 B Ring,4632.437500,-400.875000,16346.437500,-64.254173
571,dbd47057b785f44e56715a7ea27694ddb6225e21,0.999789,M23 Sector JR-V b2-8,M23 Sector JR-V b2-8 6,M23 Sector JR-V b2-8 6 A Ring,-397.000000,16.531250,1911.125000,-91.008338
572,c19a5dfe120a316a4b36338031b14b3bcfa31359,0.999789,Ploea Eur PZ-X b30-0,Ploea Eur PZ-X b30-0 4,Ploea Eur PZ-X b30-0 4 C Ring,5156.687500,419.562500,-400.781250,-78.959868
573,1257fe39a3cd58c9a359b455ccecc302331901be,0.999789,Chraufao KU-B b44-0,Chraufao KU-B b44-0 3,Chraufao KU-B b44-0 3 A Ring,-4743.625000,679.843750,2435.656250,-101.488218
574,305d8ab7b4b4a584c38a107db3d7212e1c83fc16,0.999789,Aucoks JN-P b11-2,Aucoks JN-P b11-2 5,Aucoks JN-P b11-2 5 A Ring,881.312500,-181.562500,1749.562500,-87.969805
575,5f56c7aac1409b93d7cf81ad4ca500b6ad5103a0,0.999789,Dryoea Flyi FG-Y f1903,Dryoea Flyi FG-Y f1903 4,Dryoea Flyi FG-Y f1903 4 B Ring,-4728.625000,-1069.406250,18694.406250,-123.414688
578,8567a6166120fa9a819edeeafc6a56ecd34e84da,0.999787,Nyeajaae HY-V b46-0,Nyeajaae HY-V b46-0 10,Nyeajaae HY-V b46-0 10 A Ring,-3359.187500,-659.531250,7615.625000,-100.486680
579,b0cb876dabf0d415b8d52288544fb6e439a465a3,0.999787,Nuekuae UE-R c20-136,Nuekuae UE-R c20-136 5,Nuekuae UE-R c20-136 5 A Ring,-6441.843750,-444.312500,13924.156250,-118.369505
580,54db869e602829630c51184a5d84206b548f4db0,0.999787,Boelts UW-A d14-796,Boelts UW-A d14-796 B 7,Boelts UW-A d14-796 B 7 C Ring,-7699.062500,-730.187500,16788.312500,-130.289153
582,8fc69f7d99d7b179bd63ab0ba372888982f263f9,0.999786,Nyeajaae JV-C b46-14,Nyeajaae JV-C b46-14 6,Nyeajaae JV-C b46-14 6 A Ring,-3186.812500,-106.093750,7613.968750,-99.962667
584,1f1bf6f36c840d0b749556a803303c1c671ea934,0.999783,Wregoe PO-K b37-2,Wregoe PO-K b37-2 2,Wregoe PO-K b37-2 2 B Ring,803.531250,313.500000,-262.500000,-88.295999
585,98e8ec87636fcb88190063ad199601348f113db4,0.999783,Greou Dryiae TJ-P d6-11,Greou Dryiae TJ-P d6-11 8,Greou Dryiae TJ-P d6-11 8 C Ring,16017.031250,-520.250000,5926.187500,-51.317832
586,19afc872bae857c6272458d7bbc2bb1b2c27ed6a,0.999781,Pru Aescs TK-U c17-14,Pru Aescs TK-U c17-14 5,Pru Aescs TK-U c17-14 5 C Ring,-3299.156250,381.718750,8683.781250,-100.929070
587,e3958ebc0e9ad55faf5f8667c7a399a1eac9a901,0.999781,Boewnst ZP-P e5-483,Boewnst ZP-P e5-483 1,Boewnst ZP-P e5-483 1 B Ring,-5855.250000,-1107.593750,16572.562500,-122.229405
590,5c3a0dc589c5d048508b267534ff39f8d92f655e,0.999780,Col 173 Sector NJ-P d6-96,Col 173 Sector NJ-P d6-96 AB 2,Col 173 Sector NJ-P d6-96 AB 2 C Ring,1093.531250,46.875000,-143.937500,-87.651063
591,b84b24e1b12bc69b6a2100295be9c740f84c4b3a,0.999780,Prielea PS-R d5-3,Prielea PS-R d5-3 B 5,Prielea PS-R d5-3 B 5 C Ring,-83.718750,943.750000,8379.531250,-90.356246
592,7002a6d09ee096507f28430990c501878d18645e,0.999779,Clooku HF-S c19-75,Clooku HF-S c19-75 3,Clooku HF-S c19-75 3 A Ring,-6075.000000,-599.437500,12606.062500,-114.649127
594,81f11599f92d24f88e2f105c32a860b5ac5e3f01,0.999779,Crookaae UN-Z b33-7,Crookaae UN-Z b33-7 3,Crookaae UN-Z b33-7 3 A Ring,-4817.218750,1142.375000,12456.500000,-109.809398
596,ea7aa80a2f285c64475d6756666f9b70fb813de3,0.999778,Pyroifoea LT-B c16-13,Pyroifoea LT-B c16-13 A 2,Pyroifoea LT-B c16-13 A 2 A Ring,3672.781250,-84.656250,6037.593750,-79.594043
597,3625288da9799b65a52d7c8f727ce93a701bc9b1,0.999778,Blua Eaec GM-P b8-6,Blua Eaec GM-P b8-6 5,Blua Eaec GM-P b8-6 5 A Ring,-7220.437500,-728.000000,14493.781250,-122.425309
601,13b62c911349b753ec66e31044f2f426924b6aa9,0.999773,Prua Dryoae TI-S d4-0,Prua Dryoae TI-S d4-0 9,Prua Dryoae TI-S d4-0 9 A Ring,2132.218750,-784.187500,684.093750,-85.223548
603,9080cd27c484cfbb91fd7c8eb67dbacd4a10982f,0.999772,Pro Aewsy NS-Z c27-49,Pro Aewsy NS-Z c27-49 6,Pro Aewsy NS-Z c27-49 6 C Ring,-5294.562500,112.062500,9122.656250,-107.592876
606,0c6e5eef4db3eb6e9165b3114209aa7ff9b6e1b4,0.999769,Slegao PT-O d7-14,Slegao PT-O d7-14 4,Slegao PT-O d7-14 4 C Ring,-287.093750,-86.312500,-2974.531250,-90.619699
607,a72511c3676cd146cdf2bf03e9a7bffca3ec949c,0.999768,Swoiwns UH-K c25-13,Swoiwns UH-K c25-13 AB 1,Swoiwns UH-K c25-13 AB 1 B Ring,-291.031250,-28.593750,1331.500000,-90.737481
608,ca7ed8b37846a12271b2a45e96f793925fedd8bf,0.999768,Byeia Eurk XO-G c24-19,Byeia Eurk XO-G c24-19 12,Byeia Eurk XO-G c24-19 12 B Ring,-1543.875000,62.687500,6396.875000,-94.599743
609,becc1ba34134c955991e99128993d297dad52cde,0.999766,Skaudou VZ-M d8-270,Skaudou VZ-M d8-270 6,Skaudou VZ-M d8-270 6 B Ring,-138.968750,-85.187500,9963.031250,-90.590259
610,61cbf26c2a34a9391c61d1f72c85d30344c4b2f8,0.999766,Aucofs YE-Y d1-13,Aucofs YE-Y d1-13 11,Aucofs YE-Y d1-13 11 C Ring,-3250.718750,-511.562500,1698.687500,-97.708825
612,3c17d7472425fd4d159cfc39df6168e402bb8a21,0.999764,Graea Hypue QO-P d6-368,Graea Hypue QO-P d6-368 9,Graea Hypue QO-P d6-368 9 C Ring,-670.062500,-458.906250,13591.000000,-93.232959
614,e382dcba833ca1b47c3f862dc326bff63d04c776,0.999763,NGC 6705 KKR 3867,NGC 6705 KKR 3867 AB 8,NGC 6705 KKR 3867 AB 8 B Ring,-2822.062500,-289.812500,5493.750000,-97.943202
618,32c9fd24e0eea2283e50c6b631022c27eccc0a9e,0.999758,NGC 6705 Sector EL-N b7-0,NGC 6705 Sector EL-N b7-0 15,NGC 6705 Sector EL-N b7-0 15 B Ring,-2764.937500,-381.062500,5356.187500,-97.734310
619,0e67cf52c066a921e9e202ec22113de564c1236c,0.999756,Graea Hypue RY-Q d5-44,Graea Hypue RY-Q d5-44 AB 2,Graea Hypue RY-Q d5-44 AB 2 B Ring,-601.937500,-646.031250,13558.875000,-92.909185
621,4e618702b54004cb63485782e444f30b2b20d5c2,0.999754,Nyeakua PO-K c11-10,Nyeakua PO-K c11-10 10,Nyeakua PO-K c11-10 10 B Ring,7440.406250,-76.000000,7115.531250,-68.458291
624,f43c436294f8ff804d644c8fccbb641ffefbd164,0.999751,Blau Eur EW-V c2-10,Blau Eur EW-V c2-10 4,Blau Eur EW-V c2-10 4 A Ring,3948.781250,219.562500,4197.281250,-79.752359
628,0b09d10aa449fccb94f9d4a11993b3e9a56966df,0.999747,Pyroifoi WF-W c18-38,Pyroifoi WF-W c18-38 7,Pyroifoi WF-W c18-38 7 B Ring,3785.125000,-134.000000,6140.718750,-79.226225
631,00ffaccdaef3073747d5810a919a7ae8cbe639d3,0.999745,Traikaae WM-W d1-133,Traikaae WM-W d1-133 AB 3,Traikaae WM-W d1-133 AB 3 B Ring,-150.781250,17.218750,4277.031250,-90.466349
632,db08cdb846662e45254668f4da5a33559e2dd860,0.999742,Eodgols UR-U c3-7,Eodgols UR-U c3-7 ABC 3,Eodgols UR-U c3-7 ABC 3 C Ring,846.093750,370.156250,10629.406250,-86.923005
633,03e30dd13bc662a40cf83d83b8b606555c9b9ee9,0.999742,Aucoths UZ-O d6-2,Aucoths UZ-O d6-2 9,Aucoths UZ-O d6-2 9 B Ring,-4658.937500,-730.437500,2103.093750,-101.135688
635,3813d6a8d15a02fafa283f7b8bf618659903473f,0.999740,IC 2602 Sector VE-Q c5-10,IC 2602 Sector VE-Q c5-10 3,IC 2602 Sector VE-Q c5-10 3 C Ring,547.375000,-38.687500,278.812500,-88.832480
636,541fb9a5fa0fbcd8d19726cd29cc020db8cfacf5,0.999736,Eor Aim XR-Z c27-1,Eor Aim XR-Z c27-1 6,Eor Aim XR-Z c27-1 6 C Ring,-7200.062500,108.593750,-10068.593750,-101.358277
638,afae425c33c9ba144337cee7fffa1812c118891d,0.999734,Swoiphs IX-W c4-5,Swoiphs IX-W c4-5 3,Swoiphs IX-W c4-5 3 C Ring,3378.187500,-82.250000,424.500000,-82.502079
639,a1b62692a6d055b77366a5db86e0580d45153b91,0.999733,Eoch Flyuae MD-G c12-71,Eoch Flyuae MD-G c12-71 8,Eoch Flyuae MD-G c12-71 8 A Ring,-8295.562500,-658.218750,17378.562500,-134.317522
640,2fb30f730ae0149ca37bb68e7f63fbf0f9b9de32,0.999732,Dryio Prao AW-N e6-4433,Dryio Prao AW-N e6-4433 2,Dryio Prao AW-N e6-4433 2 C Ring,1229.906250,-1059.843750,21947.312500,-73.049868
642,78eee7954957f935706eb600ee6fcc381b4944e1,0.999729,Plaa Ain PS-V b43-3,Plaa Ain PS-V b43-3 ABCD 1,Plaa Ain PS-V b43-3 ABCD 1 B Ring,241.406250,50.593750,10127.187500,-89.214732
644,1730ab7b92fccdd2e667a834e94cb785e4eff27c,0.999722,Graea Hypue VK-T c5-9,Graea Hypue VK-T c5-9 12,Graea Hypue VK-T c5-9 12 C Ring,-793.312500,-447.875000,13285.468750,-93.712611
645,80ddeaccda9f3981f07e109e1308c1d14211213f,0.999719,Byaa Ain HT-P d6-766,Byaa Ain HT-P d6-766 6,Byaa Ain HT-P d6-766 6 C Ring,-5028.468750,857.062500,16158.125000,-117.418519
646,48d73d99621a38f009d6ea8f86c97905d58a0bc9,0.999718,Prielaei DB-C c27-21,Prielaei DB-C c27-21 ABC 2,Prielaei DB-C c27-21 ABC 2 B Ring,-1425.187500,247.437500,9077.781250,-94.927846
647,f6dadb622b635126e949e7c87e171c7a020f321d,0.999714,Bloeh HI-Z d1-1,Bloeh HI-Z d1-1 8,Bloeh HI-Z d1-1 8 A Ring,24496.218750,-93.250000,-11135.000000,-56.545111
649,a50d909c590032c28ba94390678676801f837c19,0.999712,Sifeae FB-W c15-3,Sifeae FB-W c15-3 A 10,Sifeae FB-W c15-3 A 10 B Ring,3113.500000,-20.375000,904.937500,-82.956471
650,ae4c5fdd05eeb1c294c81a13542f7da1ac382a1d,0.999712,Graea Hypa VO-P d6-431,Graea Hypa VO-P d6-431 13,Graea Hypa VO-P d6-431 13 C Ring,-2849.781250,-453.468750,13593.718750,-103.149659
651,f4369749c9e29a0665cc8c336fd1ee3aa37b84d2,0.999712,Byoi Thua OU-F d11-22,Byoi Thua OU-F d11-22 10,Byoi Thua OU-F d11-22 10 B Ring,-6297.593750,409.093750,3747.156250,-105.929702
654,031ce11b0aaa6ca8b099602c49394165cbb118d3,0.999709,Clooku QJ-Q d5-71,Clooku QJ-Q d5-71 B 3,Clooku QJ-Q d5-71 B 3 C Ring,-6291.281250,-896.843750,12248.562500,-114.829961
655,8585744b3b1cff8e2fcd1df9b25f500473613a86,0.999707,Bleae Thaa BK-P c19-25,Bleae Thaa BK-P c19-25 10,Bleae Thaa BK-P c19-25 10 A Ring,-2891.000000,70.843750,2335.343750,-97.054719
656,6fbb720bb8660bb7972ff455956ae18703d1b638,0.999706,Dryio Flyi BO-I c26-773,Dryio Flyi BO-I c26-773 3,Dryio Flyi BO-I c26-773 3 A Ring,-5277.562500,-37.906250,19283.656250,-128.711156
657,0383bd0a135f2207ea25ac9d07dad0a255ee8701,0.999705,Pyramoe XB-J b56-13,Pyramoe XB-J b56-13 2,Pyramoe XB-J b56-13 2 A Ring,-271.968750,-159.593750,6535.906250,-90.879271
658,25474c7a647ade021ed142a3a2160e261e92085c,0.999705,Byua Euq DQ-F d11-33,Byua Euq DQ-F d11-33 A 5,Byua Euq DQ-F d11-33 A 5 C Ring,-93.968750,295.406250,6357.281250,-90.349433
659,b75d1bf1c6bc15656dd2a4ead30c1f9a71c05a0f,0.999695,Pyraleau LR-D c28-22,Pyraleau LR-D c28-22 4,Pyraleau LR-D c28-22 4 A Ring,-3186.500000,-320.562500,6549.593750,-99.423875
662,ba9cd3f790fa3c02629340abd89f68ea3557306c,0.999692,Blaa Phoe JN-A d14-432,Blaa Phoe JN-A d14-432 AB 1,Blaa Phoe JN-A d14-432 AB 1 C Ring,-5539.625000,-883.062500,15530.750000,-118.221100
663,482857d00c108f15940569e4912449dd88a352cb,0.999690,Blu Thua JV-P c5-7,Blu Thua JV-P c5-7 3,Blu Thua JV-P c5-7 3 A Ring,541.156250,55.656250,1735.250000,-88.776872
665,c51bef9c932610796653fbd5d663f374f089d7c6,0.999687,Blue Hypooe WI-J c25-3,Blue Hypooe WI-J c25-3 4,Blue Hypooe WI-J c25-3 4 B Ring,-12114.531250,-230.843750,12824.343750,-132.874428
668,bf40e2606d9a9085d5d7d92def593cbaf0eb3e6c,0.999685,Froawns VR-V b2-15,Froawns VR-V b2-15 5,Froawns VR-V b2-15 5 A Ring,4167.156250,94.875000,14373.906250,-70.233893
669,88ff2f3beb4eb1b21eb02bdd294c949f2181de1e,0.999685,Pyroifa ZU-P d5-8,Pyroifa ZU-P d5-8 B 8,Pyroifa ZU-P d5-8 B 8 A Ring,13200.687500,-1113.000000,5825.906250,-56.721391
670,35a86f71217bc09dddbd521e869cc6d6d5828867,0.999683,HIP 1290,HIP 1290 11,HIP 1290 11 C Ring,-15.500000,-257.187500,28.968750,-90.090179
671,aa09e08c853cbe124590fc854c5869c374cba8b3,0.999683,Ogaiws RX-B d3904,Ogaiws RX-B d3904 6,Ogaiws RX-B d3904 6 A Ring,-2999.437500,845.125000,19416.187500,-115.008850
672,25d1fd3f37c4e164d50ae75b24e09a32eb76c07f,0.999682,Stock 1 Sector HX-T c3-4,Stock 1 Sector HX-T c3-4 9,Stock 1 Sector HX-T c3-4 9 C Ring,-1114.781250,-18.156250,453.937500,-92.565176
679,b21ca4b3d23dd6f665a34125a151a84eb4a043d7,0.999675,Crookaae BV-F d11-144,Crookaae BV-F d11-144 B 7,Crookaae BV-F d11-144 B 7 C Ring,-3982.312500,439.781250,12764.812500,-106.966928
682,740e942075b98509ebeafa6a3c6b268f77edefdf,0.999668,NGC 6871 Sector EH-K c9-4,NGC 6871 Sector EH-K c9-4 4,NGC 6871 Sector EH-K c9-4 4 C Ring,-4926.468750,158.125000,1489.125000,-101.466741
683,c69f030d0db5737f191ee3d83360b70c8216714a,0.999668,Bleia Eohn IT-X c2-3,Bleia Eohn IT-X c2-3 A 5,Bleia Eohn IT-X c2-3 A 5 A Ring,-1263.656250,-628.031250,1636.562500,-93.040701
684,73dfd5826bbde3995bc4a4416e40bf085bd80f20,0.999667,Gru Phio WD-Z c1-22,Gru Phio WD-Z c1-22 3,Gru Phio WD-Z c1-22 3 C Ring,3146.937500,-739.937500,15667.343750,-73.034359
685,12670c6b95fed8ab6fe495516560dd04e939c68b,0.999666,Aucoks QL-W c18-8,Aucoks QL-W c18-8 AB 1,Aucoks QL-W c18-8 AB 1 B Ring,844.593750,-101.937500,2302.343750,-88.011331
687,f65419aa1d5ba1b0de1f975d13345d424281442b,0.999663,Stuelou OI-R d5-584,Stuelou OI-R d5-584 14,Stuelou OI-R d5-584 14 B Ring,-6887.375000,-445.562500,13519.593750,-119.176847
689,f61979b52c8ca2ac12739312847f007fd4ac96dd,0.999658,Dryau Ausms CA-A f3110,Dryau Ausms CA-A f3110 1,Dryau Ausms CA-A f3110 1 A Ring,-1932.562500,1450.187500,20944.593750,-111.558102
690,b0b26b1f8ab1e6503ac4b78ae6caa680f476cf89,0.999653,Eorm Screia AN-H b11-1,Eorm Screia AN-H b11-1 5,Eorm Screia AN-H b11-1 5 A Ring,6464.312500,1542.125000,17099.031250,-53.809407
692,e74aae9ad0353d1f74c2e85b18790f27ab1b95fd,0.999651,Hegeia DN-A c14-3,Hegeia DN-A c14-3 5,Hegeia DN-A c14-3 5 A Ring,-2392.281250,190.562500,-3018.281250,-94.778686
695,374ec2279eeb8e8708275ef510deb18064b4d704,0.999647,Mynoaw PJ-J b38-7,Mynoaw PJ-J b38-7 A 3,Mynoaw PJ-J b38-7 A 3 C Ring,4677.062500,-919.593750,18961.750000,-56.159468
698,2a3e8fdb8089bc3a14db3ef57975d42a725e6fff,0.999645,Pyramoe AX-P c20-2,Pyramoe AX-P c20-2 AB 7,Pyramoe AX-P c20-2 AB 7 B Ring,-622.937500,-739.718750,6238.968750,-91.888163
711,b8917ec328ee5e56dc346bf45365768008305eb0,0.999621,Nyeajaae GQ-X c17-45,Nyeajaae GQ-X c17-45 AB 1,Nyeajaae GQ-X c17-45 AB 1 B Ring,-3497.562500,-201.625000,7402.343750,-100.782577
712,47d969b9fc132deebc7068489e612b649112156a,0.999620,NGC 5662 Sector LD-R c5-3,NGC 5662 Sector LD-R c5-3 3,NGC 5662 Sector LD-R c5-3 3 C Ring,1459.500000,306.500000,1618.031250,-86.619591
717,94250c2bcb700b07e183b642aa178ed8936879bc,0.999610,Hypuae Audst KZ-E d12-214,Hypuae Audst KZ-E d12-214 2,Hypuae Audst KZ-E d12-214 2 A Ring,308.937500,2057.562500,25603.031250,-46.304124
721,b5af3099f9755956ec1bd99076e2e6830f7fe938,0.999596,Boeph WU-T c18-18,Boeph WU-T c18-18 7,Boeph WU-T c18-18 7 A Ring,-7957.562500,-657.750000,16384.937500,-129.995484
723,d2be2a2b6cdd09543d4871a28b5080c4b02417cd,0.999593,Synuefai DC-G c26-4,Synuefai DC-G c26-4 AB 2,Synuefai DC-G c26-4 AB 2 B Ring,-98.625000,-556.125000,62.625000,-90.274628
724,0c676c6747b9450ae675dcd6b3dce57aaf0234b1,0.999593,2MASS J08311399+2108149,2MASS J08311399+2108149 9,2MASS J08311399+2108149 9 B Ring,259.093750,391.062500,-597.937500,-89.494311
727,1d838de03858a8dd569fe976fcbc4ec0a2bf71eb,0.999591,Aucopp CT-Y c14-0,Aucopp CT-Y c14-0 7,Aucopp CT-Y c14-0 7 C Ring,-2624.093750,-1104.031250,2137.531250,-96.361726
734,67ccaff573f251c4d646502123ff15c43d9f688b,0.999582,Ploi Aim IO-Z c13-118,Ploi Aim IO-Z c13-118 2,Ploi Aim IO-Z c13-118 2 B Ring,-3884.312500,-23.093750,9776.781000,-103.629947
735,7a508064e7233d12fcaf0514451699cb5eef98f7,0.999579,Smojuae SP-U c4-0,Smojuae SP-U c4-0 7,Smojuae SP-U c4-0 7 C Ring,6679.125000,712.000000,2987.593750,-73.806351
737,a87ad72ae68b72b0ef8a1bff9d4259fa1990eff3,0.999576,Boeft OA-U c17-176,Boeft OA-U c17-176 AB 4,Boeft OA-U c17-176 AB 4 C Ring,203.125000,-977.000000,16337.468750,-88.934159
738,6fd1534883f4685ff4bc87f7c138fb2762ad074e,0.999570,Iowhaik JK-H c10-733,Iowhaik JK-H c10-733 8,Iowhaik JK-H c10-733 8 B Ring,-6729.093750,145.343750,16044.843750,-124.425196
740,7cf0183b04a2c1dabd640ddee8d15710214e29e6,0.999565,Gludgou QT-H d10-0,Gludgou QT-H d10-0 17,Gludgou QT-H d10-0 17 C Ring,14839.031250,493.500000,-3954.406250,-63.609282
741,d893edc963e0ccdfdfc32a639c19b2521b25a823,0.999565,Prooe Drye YD-H c11-1,Prooe Drye YD-H c11-1 5,Prooe Drye YD-H c11-1 5 A Ring,-1577.375000,-819.687500,695.000000,-93.638109
743,14aa524842a97fae868b58e7d47726062e22b01b,0.999561,Sifi GS-Y b15-2,Sifi GS-Y b15-2 2,Sifi GS-Y b15-2 2 C Ring,-2249.593750,257.406250,562.531250,-95.130299
745,277b7f27c40ee7d452f8aa49c92744446987edab,0.999555,Byeia Thaa FK-R d4-27,Byeia Thaa FK-R d4-27 ABCD 4,Byeia Thaa FK-R d4-27 ABCD 4 C Ring,-1566.437500,74.375000,3198.531250,-94.010592
746,f5b910db4dbc39488246d900ade5022e038e080a,0.999551,HD 80465,HD 80465 B 2,HD 80465 B 2 C Ring,1682.500000,582.187500,-514.406250,-86.409875
747,cfdf9510f588e05e64dd33a8313cff60f9e33eff,0.999550,Floarps VN-A d1-1345,Floarps VN-A d1-1345 17,Floarps VN-A d1-1345 17 B Ring,-100.750000,-297.093750,14395.000000,-90.627311
748,2d30afe44700b8b9bf6fffc217dd85f062727e1c,0.999547,Prooe Drye RA-D b59-0,Prooe Drye RA-D b59-0 7,Prooe Drye RA-D b59-0 7 B Ring,-1560.375000,-241.656250,1476.718750,-93.714515
751,5b9369a865017deaaf6b4c1e17a21847a681a477,0.999540,Ploi Eurl CT-D c27-0,Ploi Eurl CT-D c27-0 5,Ploi Eurl CT-D c27-0 5 B Ring,7138.437500,580.125000,96.968750,-74.587847
753,41c72368bf1106a1fdd0a4da0b81c1cd533491d6,0.999540,Pro Eurl TX-J c9-7,Pro Eurl TX-J c9-7 A 2,Pro Eurl TX-J c9-7 A 2 A Ring,2070.937500,301.000000,633.843750,-85.371038
754,8d5e921d90741c74870b57028b8dcb96e22b594a,0.999533,Pro Aewsy VL-Y c28,Pro Aewsy VL-Y c28 6,Pro Aewsy VL-Y c28 6 C Ring,-5701.531250,23.343750,7943.000000,-107.688272
755,153025871f3214ec551d38567fe1dca90c449a0b,0.999529,Traikoa OD-I d10-0,Traikoa OD-I d10-0 ABC 3,Traikoa OD-I d10-0 ABC 3 B Ring,-1655.156250,620.406250,4940.437500,-94.583734
757,31e52fc4ee7582a9e57d1aec19b1eaa1ea91aa1f,0.999526,Phantom Streak Sector KH-V c2-33,Phantom Streak Sector KH-V c2-33 AB 1,Phantom Streak Sector KH-V c2-33 AB 1 C Ring,-3565.500000,-291.593750,5454.812500,-99.961091
759,55936738734c273e141d4aaad6a74ffe25e0b589,0.999519,Bleae Thua TG-Y c25,Bleae Thua TG-Y c25 5,Bleae Thua TG-Y c25 5 A Ring,-715.218750,-12.937500,1555.625000,-91.742124
761,bfc3c52f7c60287661a5897e9c7384f42a5e8851,0.999516,Praea Euq VX-L c23-1,Praea Euq VX-L c23-1 4,Praea Euq VX-L c23-1 4 A Ring,537.000000,815.250000,1220.968750,-88.811998
762,acb68490495666d5bf77c4b0a9128eb9783a573d,0.999516,Aucopp NP-J c11-11,Aucopp NP-J c11-11 2,Aucopp NP-J c11-11 2 B Ring,-1987.531250,-297.625000,2001.406250,-94.814121
763,e7c62a6dba1fab93fc4a1b9ef955317b180ff472,0.999515,Eor Aescs RS-E c26-0,Eor Aescs RS-E c26-0 2,Eor Aescs RS-E c26-0 2 A Ring,-7539.531250,417.062500,-12739.343750,-101.077178
764,500211c14f9e3c5226d8d657fc495baf77490103,0.999513,Phraa Dryou LE-E d13-1,Phraa Dryou LE-E d13-1 AB 2,Phraa Dryou LE-E d13-1 AB 2 A Ring,11127.906250,-42.250000,-14018.187500,-74.456821
765,af0374df11acc4f6d421588cedc0dbfc307bd56d,0.999510,Gru Dryiae BI-Q d6-44,Gru Dryiae BI-Q d6-44 ABC 4,Gru Dryiae BI-Q d6-44 ABC 4 B Ring,-5094.968750,-169.406250,5935.843750,-104.384575
766,b6e481468281718aa4f516bf2d797945bb4aea4e,0.999510,Clookau WO-P d6-2,Clookau WO-P d6-2 5,Clookau WO-P d6-2 5 B Ring,-9137.781250,-503.468750,12304.968750,-123.979883
767,70d74fa5a68abdb0b30eaa83dd451166cd8f2083,0.999509,Swoilz OY-D c1-20,Swoilz OY-D c1-20 2,Swoilz OY-D c1-20 2 B Ring,688.437500,-74.062500,258.281250,-88.518383
768,2cb0eb0841c897ef2bc74d1a3f1a8e3f460d2c02,0.999508,Flyae Dryoae HB-D c29-10,Flyae Dryoae HB-D c29-10 8,Flyae Dryoae HB-D c29-10 8 B Ring,7200.781250,-85.250000,191.468750,-74.404920
769,e3a094606bfecd3b25ca0fda35b7997620464b06,0.999506,Myeade NH-B c1-0,Myeade NH-B c1-0 A 5,Myeade NH-B c1-0 A 5 A Ring,-741.656250,615.437500,-7424.343750,-91.318285
771,40a7209590b8d25a920f4288d2d6304548773ae0,0.999501,Byua Euq AL-V c3-3,Byua Euq AL-V c3-3 4,Byua Euq AL-V c3-3 4 A Ring,-928.781250,526.312500,5513.625000,-92.679261
773,58da12682d9ff564e87ea3739211ce02fd6c5c59,0.999499,Boewnst MS-U f2-37,Boewnst MS-U f2-37 2,Boewnst MS-U f2-37 2 B Ring,-6243.562500,-1151.468750,16584.312500,-123.937779
776,4d3b38c42099a65442e7139d66d7a8e08e2c7e3f,0.999471,Flyiedgai DL-P c21-17,Flyiedgai DL-P c21-17 4,Flyiedgai DL-P c21-17 4 C Ring,-6251.906250,-431.968750,8829.312500,-110.189199
780,a9ef497739482a3fb9f667dc735f02cccc6ab595,0.999464,Boeph GT-C c28-172,Boeph GT-C c28-172 3,Boeph GT-C c28-172 3 C Ring,-7900.156250,-518.937500,16788.062500,-131.016169
781,6a72b12d24222755889184c8edf4fd5e0605ee37,0.999462,Drojaea RE-G c27-13,Drojaea RE-G c27-13 14,Drojaea RE-G c27-13 14 C Ring,326.406250,-146.781250,3974.312500,-89.212991
783,0c75d5a53cfa612c23a2e9133a12a7c91c7c499f,0.999460,Skaude EK-P b10-7,Skaude EK-P b10-7 7,Skaude EK-P b10-7 7 A Ring,-4144.406250,-382.500000,9399.656250,-104.181736
784,c2b6da65739bd52199f5850d329aa8627ede650b,0.999458,Blaea Euhn QI-B d4,Blaea Euhn QI-B d4 B 5,Blaea Euhn QI-B d4 B 5 C Ring,-16351.781250,561.781250,4077.656250,-126.887144
785,6ef8e606d6eac2ed58cd7d2e1b53992331a5feac,0.999454,Floawns SG-R b19-4,Floawns SG-R b19-4 7,Floawns SG-R b19-4 7 C Ring,1430.531250,-1051.562500,14719.750000,-82.835704
786,54abbdf854f9948c8f2d8aaaed3b1707560a4ad7,0.999452,Thaileia OH-V c2-0,Thaileia OH-V c2-0 5,Thaileia OH-V c2-0 5 B Ring,265.062500,-1155.281250,4185.718750,-89.367168
787,95893ffe7e3311888b8b54517af8d3c0ea1bf0b0,0.999451,Grie Dryue WY-J c24-20,Grie Dryue WY-J c24-20 ABCD 2,Grie Dryue WY-J c24-20 ABCD 2 B Ring,-18855.875000,-504.281250,6395.375000,-134.069425
788,a61c9f1620ea4f97d308189fac7b60f313ca82ce,0.999449,Prua Phoe TO-O b52-60,Prua Phoe TO-O b52-60 6,Prua Phoe TO-O b52-60 6 A Ring,-6003.468750,-309.406250,11593.843750,-112.850852
789,ec6c01c253f7277c8c6f866bd36eeb73fd912c97,0.999447,Pyult DD-H d11-19,Pyult DD-H d11-19 2,Pyult DD-H d11-19 2 A Ring,336.406250,-271.937500,-3894.875000,-89.401605
790,954a6f9ae5458e757cbb4b85fafed351f59fc195,0.999443,Screaki MV-X c14-1902,Screaki MV-X c14-1902 7,Screaki MV-X c14-1902 7 A Ring,-2825.156250,14.718750,21352.312500,-122.078618
792,684d1c93170e478f2faf703e5ba7a1fb03cab11c,0.999430,Dryio Flyi GG-Y f428,Dryio Flyi GG-Y f428 2,Dryio Flyi GG-Y f428 2 B Ring,-5789.781250,-1179.687500,18600.812500,-128.543190
793,b061d0ce9521d292235817d91b27274e355aaccd,0.999421,Boewnst RI-J b41-41,Boewnst RI-J b41-41 AB 10,Boewnst RI-J b41-41 AB 10 B Ring,-6200.312500,-353.093750,16464.312500,-123.416343
794,fe74318c410592b31a284515d5f42add38acd0df,0.999420,Schee Eaec YB-F b17-0,Schee Eaec YB-F b17-0 4,Schee Eaec YB-F b17-0 4 B Ring,-7449.312500,-153.281250,-5820.281250,-103.259248
795,a31bb808eb07c13838b13e76f2bda37755fcc351,0.999419,Preae Theia DM-B d14-5,Preae Theia DM-B d14-5 AB 2,Preae Theia DM-B d14-5 AB 2 A Ring,3766.281250,813.000000,-1110.625000,-82.114500
796,42e8e889f05175cffd549582812d7c036f6ff3ac,0.999418,Bleia Dryiae DU-Q c21-13,Bleia Dryiae DU-Q c21-13 14,Bleia Dryiae DU-Q c21-13 14 B Ring,-556.343750,-152.656250,4976.156250,-91.592086
798,a268bfec8de8bccf1a0f10e677ca874d3cb7fd3a,0.999414,Shrogaae XR-Q c19-117,Shrogaae XR-Q c19-117 2,Shrogaae XR-Q c19-117 2 C Ring,4151.187500,349.406250,21574.968750,-46.349140
799,77e44cb535efd5a5d63fc783f691bcf24f8eb774,0.999410,Eodgorsts YY-P c19-1,Eodgorsts YY-P c19-1 8,Eodgorsts YY-P c19-1 8 A Ring,-1486.281250,196.062500,11319.000000,-95.918286
800,ab43a6762b296e0e450e228ef12466852030c9e2,0.999410,Froals KV-B d14-183,Froals KV-B d14-183 B 17,Froals KV-B d14-183 B 17 C Ring,-5152.406250,1009.687500,15530.312500,-116.533203
801,adae223d5d1bd810cb53f6b72f300dddb962b6b4,0.999408,Praea Eur JR-N d6-21,Praea Eur JR-N d6-21 8,Praea Eur JR-N d6-21 8 B Ring,10794.437500,-18.812500,781.437500,-66.793444
803,06890ca9cb669a94a48c83c979d2679634bac726,0.999399,Blu Euq WA-F b11-3,Blu Euq WA-F b11-3 3,Blu Euq WA-F b11-3 3 B Ring,-14.312500,4.593750,4305.062500,-90.104885
806,82f41a9b8223577f85238c5f00b6676398084f96,0.999395,Zuni YA-V c3-781,Zuni YA-V c3-781 A 4,Zuni YA-V c3-781 A 4 A Ring,106.500000,441.156250,23453.437500,-88.097159
807,20c1724b8dc14a6cdd828b2ebc82173649429e88,0.999392,Boelts LU-H c26-1367,Boelts LU-H c26-1367 3,Boelts LU-H c26-1367 3 A Ring,-6491.531250,-207.468750,16727.156250,-125.391580
808,896903d601eeff22bf663b695f52cb52e9f8cfa2,0.999391,Smoje KW-W b44-0,Smoje KW-W b44-0 ABC 1,Smoje KW-W b44-0 ABC 1 B Ring,2455.656250,336.250000,3739.937500,-83.741009
810,c0b6b428d1a95252647d125c75ca5bb9ae51d0dc,0.999386,Skaude YY-K c23-0,Skaude YY-K c23-0 3,Skaude YY-K c23-0 3 A Ring,-4845.625000,-664.562500,10212.093750,-107.248764
811,fc5b23f882982342c14c19eeb5dd7ac0f41f7fdd,0.999381,NGC 7380 Sector AD-K b25-0,NGC 7380 Sector AD-K b25-0 2,NGC 7380 Sector AD-K b25-0 2 A Ring,-6745.156250,57.468750,-2021.187500,-103.630115
812,1ea8c80107a4489764c0bfd74fe64dff00072e9e,0.999378,Vaimua QK-D d13-98,Vaimua QK-D d13-98 10,Vaimua QK-D d13-98 10 C Ring,5707.125000,-1693.187500,17977.781250,-54.351368
813,0061769f2507e8016d0b89d4012e2350c26e3154,0.999376,Phae Phlai WI-I c10-0,Phae Phlai WI-I c10-0 AB 4,Phae Phlai WI-I c10-0 AB 4 B Ring,-18382.656250,337.125000,-7020.093750,-119.212563
817,b549318c99a25d45340cab0042eef7257834c2b0,0.999369,Flyiedge QP-E b16-7,Flyiedge QP-E b16-7 2,Flyiedge QP-E b16-7 2 C Ring,-4407.812500,-393.000000,8240.718750,-104.091864
818,51ccc52628534ead3bc40734b5082412702c18f3,0.999367,Prua Phoe EB-V d3-131,Prua Phoe EB-V d3-131 B 5,Prua Phoe EB-V d3-131 B 5 B Ring,-5658.437500,-417.875000,10815.875000,-110.646308
819,4f97c994b2ffa7a4bfb202d62600ba5e2a9acd29,0.999367,Traikaae WF-B c15-1,Traikaae WF-B c15-1 7,Traikaae WF-B c15-1 7 C Ring,-541.562500,699.781250,4702.687500,-91.531632
820,22f19ce290f7c5a6b87960132a0df8943d179501,0.999364,Boeths CA-A f661,Boeths CA-A f661 5,Boeths CA-A f661 5 B Ring,-2977.468750,-991.656250,15701.906250,-106.406383
822,a76759a65afcdcd36280dbd3f1a89a1ec2ad2721,0.999363,Lysooh VS-D c14-0,Lysooh VS-D c14-0 16,Lysooh VS-D c14-0 16 B Ring,1426.093750,861.500000,7248.781250,-85.704627
823,aa232e0fe32f4b5f5fefab9b9d2729e14473fe1c,0.999354,Gludgoea IO-Z c13-3,Gludgoea IO-Z c13-3 6,Gludgoea IO-Z c13-3 6 B Ring,-3899.906250,3.187500,-4296.062500,-97.406242
824,2c74cdf82e451c43a8be879e2c251ba45ffc3f14,0.999349,Preae Aewsy NK-M d8-6,Preae Aewsy NK-M d8-6 ABC 9,Preae Aewsy NK-M d8-6 ABC 9 C Ring,-5087.531250,937.093750,8669.781250,-106.527314
826,1b57d8751a4ae80b9b9c0dbe99205b87b3a634d9,0.999338,Shrogaae DN-V c2-392,Shrogaae DN-V c2-392 2,Shrogaae DN-V c2-392 2 C Ring,4793.968750,166.718750,20824.812500,-46.782841
827,ea06bfde9c789250ed24ef57490585156ee30a02,0.999337,Trailaa WF-E d12-19,Trailaa WF-E d12-19 ABC 1,Trailaa WF-E d12-19 ABC 1 B Ring,8329.812500,515.500000,5154.718750,-68.183131
828,096cc52cbbcfa361d5697054bac33f44884e652a,0.999331,Flyiedgooe VV-T d4-109,Flyiedgooe VV-T d4-109 8,Flyiedgooe VV-T d4-109 8 A Ring,-11317.000000,-125.093750,8308.375000,-122.811988
830,5c821b4900a08b3fb354fbdfac55b833fe0af4ad,0.999330,Hegeia BH-K c22-6,Hegeia BH-K c22-6 AB 5,Hegeia BH-K c22-6 AB 5 A Ring,-1989.093750,127.125000,-2631.093750,-94.038420
832,9b5cfff0df0b10c594f8800b93dd1546ba752106,0.999324,Hypuae Aip EH-B d14-9,Hypuae Aip EH-B d14-9 12,Hypuae Aip EH-B d14-9 12 C Ring,11373.343750,758.250000,-4923.437500,-69.788017
833,92a022552aab5f7d5b6daec5f28443a1831cef98,0.999321,Smojuae UO-I c9-1,Smojuae UO-I c9-1 9,Smojuae UO-I c9-1 9 C Ring,6669.687500,43.656250,3184.312500,-73.695478
834,c5f71b253bafb86ff874abaa0f285dd634778094,0.999315,Boeft OA-U c17-290,Boeft OA-U c17-290 B 2,Boeft OA-U c17-290 B 2 B Ring,181.156250,-969.593750,16335.531250,-89.065939
835,7aa9441ec010c037ce07e2eb9a36846f248d99ae,0.999306,Ellaidst ER-M d7-155,Ellaidst ER-M d7-155 9,Ellaidst ER-M d7-155 9 C Ring,-4655.718750,366.812500,9857.687500,-106.266586
836,f2d3794d30afd5efbac7fc4dcdea9addff54e0b0,0.999301,Boeths YE-A e26,Boeths YE-A e26 2,Boeths YE-A e26 2 B Ring,-3800.812500,-1085.687500,15598.843750,-110.375942
838,981bb21dd35fcf09350ca3b1452fe5ee696c2489,0.999298,Blu Aescs XZ-N d7-13,Blu Aescs XZ-N d7-13 ABC 2,Blu Aescs XZ-N d7-13 ABC 2 A Ring,-1580.031250,875.218750,12385.000000,-96.773613
839,b3d37ec11ed9993e2483f6f2b62bf6b2a384d266,0.999291,Blua Phrua YK-O e6-122,Blua Phrua YK-O e6-122 1,Blua Phrua YK-O e6-122 1 A Ring,-7086.812500,-1791.531250,15508.156250,-124.387268
842,7c827fc589d82f310ab1c61888a9e32b31124ac5,0.999278,Blo Eur IO-W c16-11,Blo Eur IO-W c16-11 BC 2,Blo Eur IO-W c16-11 BC 2 A Ring,5566.937500,465.687500,4801.031250,-75.283446
845,2ddba7e8cf02e3c48fe6e21990b1c0b91c8327f1,0.999273,Col 359 Sector VU-F d11-130,Col 359 Sector VU-F d11-130 A 6,Col 359 Sector VU-F d11-130 A 6 C Ring,-289.593750,52.968750,1043.531250,-90.725625
846,abfaa9c5c19518962a06f7e5a312f4908b5ec8b3,0.999273,IC 4665 Sector JE-E b13-1,IC 4665 Sector JE-E b13-1 6,IC 4665 Sector JE-E b13-1 6 A Ring,-615.937500,397.406250,979.875000,-91.473808
847,2f431e89b97591224272bcd445abd235f57410eb,0.999271,Prua Phoe LE-I b52-1,Prua Phoe LE-I b52-1 4,Prua Phoe LE-I b52-1 4 C Ring,-5433.125000,-986.375000,11579.968750,-110.865309
849,b2f9b4e0ff0d4a0779c12ad3626924b0c6424407,0.999262,Blu Ain AV-X c14-342,Blu Ain AV-X c14-342 4,Blu Ain AV-X c14-342 4 C Ring,517.843750,-24.156250,14965.593750,-87.420405
851,8cf94327a2c8eea6b0c3e4ef217b24c2d542df9c,0.999243,Synuefue YT-O b39-1,Synuefue YT-O b39-1 5,Synuefue YT-O b39-1 5 C Ring,-2181.968750,-155.687500,-215.562500,-94.830945
852,3afcff6a677836c433bed031d2ae6b884d8c6c78,0.999241,Eidaih RD-Y b3-1,Eidaih RD-Y b3-1 3,Eidaih RD-Y b3-1 3 C Ring,-6640.031250,-762.875000,10537.187500,-113.453948
853,50b17adc3555e7c1237b4aefae964b444b35cf87,0.999238,Gludgae SD-J d9-10,Gludgae SD-J d9-10 12,Gludgae SD-J d9-10 12 B Ring,3455.687500,297.500000,-4065.312500,-83.469128
855,fe04fa85c9b0d7d85cb0f7d43c5bbe59cd447532,0.999227,Traikaae LO-Y c14-15,Traikaae LO-Y c14-15 ABC 11,Traikaae LO-Y c14-15 ABC 11 A Ring,-1049.437500,166.093750,4730.218750,-92.906055
857,f0d3c2facf588c15f81826e2af2f052a6944ebc5,0.999218,Syramoe KC-K d9-5,Syramoe KC-K d9-5 A 5,Syramoe KC-K d9-5 A 5 A Ring,15181.281250,698.562500,6198.125000,-52.429950
859,205eecfd2a153a855cee6805458f01940d786854,0.999208,Eodgorks PO-Z d13-314,Eodgorks PO-Z d13-314 8,Eodgorks PO-Z d13-314 8 B Ring,4384.500000,-19.031250,11662.156250,-72.976652
860,aa111b6ae36a072681a6d4393bf4cb09ed5b5d3d,0.999208,Praea Euq KV-O c6-0,Praea Euq KV-O c6-0 5,Praea Euq KV-O c6-0 5 A Ring,744.843750,240.687500,522.968750,-88.375678
864,321e1de409212588de4dcd8cecc87984de4c72cc,0.999190,Blu Thua IF-G c27-0,Blu Thua IF-G c27-0 3,Blu Thua IF-G c27-0 3 A Ring,994.406250,1132.375000,2688.281250,-87.609044
866,bf89c9859888b232b4d507c4f58b3dfd5c1a36e4,0.999186,Lysoorb WF-L d9-2,Lysoorb WF-L d9-2 A 10,Lysoorb WF-L d9-2 A 10 A Ring,969.437500,1248.843750,7482.875000,-87.065095
869,60f21ab18b1ef6730c9c01a644f66e5075ac389e,0.999177,Drojo VA-V d3-11,Drojo VA-V d3-11 A 5,Drojo VA-V d3-11 A 5 C Ring,-3763.312500,-396.406250,3124.687500,-99.444333
870,f3cb7b96b3daa57cbcb0ed741dba364299a82a7c,0.999170,Col 359 Sector RF-M c21-6,Col 359 Sector RF-M c21-6 A 3,Col 359 Sector RF-M c21-6 A 3 C Ring,-518.062500,-231.656250,1024.500000,-91.251143
872,866c97ae7c828908b25b6e57ebc9095c7c093065,0.999142,Stuelou UJ-V c17-15,Stuelou UJ-V c17-15 3,Stuelou UJ-V c17-15 3 C Ring,-6668.437500,-672.625000,13798.812500,-118.948819
873,87189e88d2ba2979f8295e06e7c326073d2bdcf0,0.999136,Pyramoe BW-U d3-35,Pyramoe BW-U d3-35 A 7,Pyramoe BW-U d3-35 A 7 C Ring,-900.781250,-497.062500,5687.500000,-92.623075
874,cb764eb128afafab1e8c0976ed60942e28e62c35,0.999132,Phylurn HW-N c6-2,Phylurn HW-N c6-2 2,Phylurn HW-N c6-2 2 A Ring,4088.625000,17.531250,1783.156250,-80.436144
875,5f59a9ca250444f50781951c53f80697742b767b,0.999127,Aucopp BY-N c8-5,Aucopp BY-N c8-5 4,Aucopp BY-N c8-5 4 C Ring,-2419.125000,-500.343750,1864.218750,-95.806798
876,a162b5f4298b76263fcb7d665ead19604370fd9c,0.999124,Prua Phio VJ-X d2-232,Prua Phio VJ-X d2-232 7,Prua Phio VJ-X d2-232 7 C Ring,2133.937500,-161.093750,10771.750000,-82.064685
878,111825351f59b1dfec8014985cf20ef20245026b,0.999104,Droju WM-H c24-0,Droju WM-H c24-0 6,Droju WM-H c24-0 6 A Ring,-939.562500,-992.843750,3844.937500,-92.504765
879,148d5e429530fb678deb0bb29761b713a37696cb,0.999101,Pro Eur UX-U c2-8,Pro Eur UX-U c2-8 AB 1,Pro Eur UX-U c2-8 AB 1 C Ring,4209.750000,28.562500,342.218750,-80.701552
881,22a1b5bec607fd18c91c7a75ab3108b2ae88d4ad,0.999100,Graea Hypa VY-S d3-63,Graea Hypa VY-S d3-63 C 11,Graea Hypa VY-S d3-63 C 11 C Ring,-3429.875000,-1259.187500,13371.468750,-105.417724
882,8440beeef0f4f84cd0f524f8fef630ea4feec49a,0.999098,Flyeia Dryoae MI-J d9-6,Flyeia Dryoae MI-J d9-6 7,Flyeia Dryoae MI-J d9-6 7 A Ring,3179.062500,-879.687500,-242.625000,-83.121078
883,88eade9fc043f14a3bb8c37b60d80d5191abbd45,0.999096,Phaa Aed AN-V b2-1,Phaa Aed AN-V b2-1 C 4,Phaa Aed AN-V b2-1 C 4 A Ring,5509.656250,56.000000,-7385.781250,-80.643537
885,96bd3408b1a1b0143069ad6d47f4cb253b9ef94f,0.999073,Drojeae OC-P c8-7,Drojeae OC-P c8-7 9,Drojeae OC-P c8-7 9 B Ring,-1409.531250,-252.250000,3143.125000,-93.607550
888,c8da7d8bd9fe729def9fb0723b146436d6aa22ba,0.999064,Boelts WQ-T d4-1612,Boelts WQ-T d4-1612 A 8,Boelts WQ-T d4-1612 A 8 A Ring,-7571.812500,-226.000000,15988.375000,-127.469417
889,5064d867e88f5729ac07a7bddf756d2db6799eaa,0.999061,Bleae Thua MF-A c5,Bleae Thua MF-A c5 AB 1,Bleae Thua MF-A c5 AB 1 B Ring,-776.875000,31.500000,1521.406250,-91.884443
892,68a8e56b35786b76d6ec62ccb5c126bba2e8217d,0.999038,M23 Sector WN-T b3-7,M23 Sector WN-T b3-7 ABC 2,M23 Sector WN-T b3-7 ABC 2 A Ring,-285.687500,-19.562500,1925.875000,-90.742994
893,b81d64579fcb41486b440e63f4129face40f58df,0.999037,Phreia Hypooe IX-R d5-0,Phreia Hypooe IX-R d5-0 6,Phreia Hypooe IX-R d5-0 6 C Ring,-17171.125000,-253.343750,-6981.718750,-117.608502
894,9833310264b42a0b6340ede7144cc4b4c2bf5e2a,0.999025,Zuni ZH-B b30-24,Zuni ZH-B b30-24 AB 3,Zuni ZH-B b30-24 AB 3 A Ring,644.781250,575.593750,23904.718750,-72.749452
896,b4c53a5ecfd0f811f204416f4f532e323a1c5e10,0.999015,Praea Euq LL-N c20-2,Praea Euq LL-N c20-2 16,Praea Euq LL-N c20-2 16 C Ring,1108.843750,23.687500,1129.968750,-87.495051
897,3a8be3c9bc48ccef624b5cda597f19498a4dbc19,0.999007,Thaile YH-R b51-0,Thaile YH-R b51-0 4,Thaile YH-R b51-0 4 A Ring,9735.625000,-221.500000,5159.406250,-64.911743
898,908df2398b4d0bea46b182021ca7d154e7f49809,0.999006,Nyeajoa DW-M d7-28,Nyeajoa DW-M d7-28 5,Nyeajoa DW-M d7-28 5 B Ring,-4599.437500,-856.750000,7292.218750,-103.957155
900,5772603603c041a8908e3a3dd6e94819de1bfdf1,0.998974,Blu Euq KP-X c2-0,Blu Euq KP-X c2-0 3,Blu Euq KP-X c2-0 3 C Ring,1083.687500,600.656250,4204.906250,-87.206842
902,b42b6d59da09745cf802a40cd7542c70e6402a8a,0.998932,Eidairld CQ-A c28-14,Eidairld CQ-A c28-14 10,Eidairld CQ-A c28-14 10 B Ring,-2509.218750,-955.906250,11664.000000,-100.094637
903,a2e606dcf5f5b8cc6721d90afffff9e44cfcaffe,0.998922,Skauduae IH-L b54-1,Skauduae IH-L b54-1 2,Skauduae IH-L b54-1 2 B Ring,1099.437500,-302.312500,10351.656250,-86.047767
904,60971cf46e383be59390dc5768328da19fbff53a,0.998918,Praea Euq EX-K d8-21,Praea Euq EX-K d8-21 A 3,Praea Euq EX-K d8-21 A 3 C Ring,110.875000,357.906250,973.125000,-89.803115
905,e5310cba009ea40af5ed7a9b1a245e1fb4b01d4f,0.998917,Swoiwns QK-I c25-7,Swoiwns QK-I c25-7 A 4,Swoiwns QK-I c25-7 A 4 A Ring,-213.781250,-449.562500,1312.625000,-90.556923
907,6907243e8c085dd7421b421ce66ec7feaee32ae7,0.998910,Athaip EW-Z c2-2389,Athaip EW-Z c2-2389 3,Athaip EW-Z c2-2389 3 A Ring,762.906250,-214.593750,22128.906250,-78.931686
908,8a3f4a9a32207ffda13120e45273606bf6a0e859,0.998898,NGC 2546 Sector TQ-B d14-66,NGC 2546 Sector TQ-B d14-66 A 4,NGC 2546 Sector TQ-B d14-66 A 4 A Ring,2892.343750,158.437500,-240.093750,-83.740638
909,e096af2d3240ef92b8cb6857cbc54d7e002de6f8,0.998893,Prai Hypoo VU-N d7-50,Prai Hypoo VU-N d7-50 6,Prai Hypoo VU-N d7-50 6 C Ring,-9552.718750,-456.750000,8578.250000,-118.940129
910,969a6cafc2dfdd1150ffb93dd7f0518fcb68080c,0.998888,Eulain MS-U f2-1437,Eulain MS-U f2-1437 A 5,Eulain MS-U f2-1437 A 5 B Ring,-5154.437500,1546.812500,17996.562500,-123.239636
912,6c1cc90a687841be204e81fc2b95036577abc7c4,0.998838,Aedgee NY-G c24-0,Aedgee NY-G c24-0 12,Aedgee NY-G c24-0 12 B Ring,-1771.187500,1442.250000,5096.562500,-94.935336
913,87aa60ea166b35c099392cf7fa23e9d7bb60bb09,0.998834,Grie Eop YF-I c12-2,Grie Eop YF-I c12-2 A 2,Grie Eop YF-I c12-2 A 2 A Ring,12522.375000,-216.375000,3321.437500,-61.035590
915,bdacfbd3eb3fef73f24206780917497a73527762,0.998817,Pyramoe DX-W c4-35,Pyramoe DX-W c4-35 CD 1,Pyramoe DX-W c4-35 CD 1 C Ring,-657.437500,-69.531250,5544.031250,-91.920750
916,96a296ed00edd816824a58318f0654853cf70411,0.998815,Prooe Hypa GZ-B c2-23,Prooe Hypa GZ-B c2-23 3,Prooe Hypa GZ-B c2-23 3 B Ring,-2450.406250,-141.406250,8006.406250,-97.877028
920,6df9e8fb1a382094d543ae4cbbf43cd7c8eef72b,0.998790,Nuekea GX-Q c6-14,Nuekea GX-Q c6-14 AB 2,Nuekea GX-Q c6-14 AB 2 A Ring,9398.218750,-590.375000,13308.250000,-53.336809
921,b3db607d851af7d73c74fc402577b7c963450476,0.998784,Blae Phoe RY-R b24-195,Blae Phoe RY-R b24-195 4,Blae Phoe RY-R b24-195 4 C Ring,682.687500,-54.343750,14834.781250,-86.599611
922,5a5ed24ed4cde3426006c0e84f9257ff990ebc96,0.998763,Byoomao AA-A f104,Byoomao AA-A f104 3,Byoomao AA-A f104 3 A Ring,-1032.343750,-1166.625000,24700.406250,-131.400158
924,01f622ff38f05a7aff7654b954f8bb4c55cfddca,0.998752,Flyeia Hypa KD-J c25-8,Flyeia Hypa KD-J c25-8 4,Flyeia Hypa KD-J c25-8 4 C Ring,-7571.375000,-297.875000,7731.875000,-112.691184
928,166e1a0785aae3f45f7bbe827d2e50f8386fa4a5,0.998732,Clooku XK-I b41-52,Clooku XK-I b41-52 6,Clooku XK-I b41-52 6 A Ring,-5753.187500,-461.250000,12631.968750,-113.533823
929,844496c909768fff1c7570a1f687369a27fdc368,0.998727,Flyeia Dryoae ZJ-H d10-0,Flyeia Dryoae ZJ-H d10-0 12,Flyeia Dryoae ZJ-H d10-0 12 B Ring,3725.500000,-973.562500,-125.375000,-81.907927
930,a3e56cee111f8ee7082bd917f9af58db8f65a026,0.998720,Thaile EV-G d10-1,Thaile EV-G d10-1 AB 4,Thaile EV-G d10-1 AB 4 B Ring,10023.218750,-1210.031250,4946.531250,-64.491707
932,47cf2a125722f349c332250f71641435cfcb8490,0.998697,HIP 27640,HIP 27640 9,HIP 27640 9 B Ring,27.750000,-1.843750,-383.187500,-89.994482
933,ff644879cf3aba2aa844507340c4026086ff90b2,0.998696,Praei Eup MT-E c3,Praei Eup MT-E c3 4,Praei Eup MT-E c3 4 A Ring,-12446.937500,994.718750,239.812500,-115.922137
935,93ca169d47a18b9b26b13e96e06703879b23913d,0.998691,Blua Hypa ID-H d11-50,Blua Hypa ID-H d11-50 17,Blua Hypa ID-H d11-50 17 B Ring,-6914.031250,-306.625000,12707.781250,-117.744912
936,dc05cab3b1ce378fa96308615e82eb1e255b5f58,0.998680,Greae Eoq YX-F d12-24,Greae Eoq YX-F d12-24 10,Greae Eoq YX-F d12-24 10 B Ring,3996.656250,-85.187500,3881.000000,-79.775806
937,ee5a1b1205ddc8601e152b143d560e94d70e608f,0.998679,Byoi Aeg AA-A f0,Byoi Aeg AA-A f0 A 2,Byoi Aeg AA-A f0 A 2 C Ring,-8967.875000,1275.656250,13018.906250,-124.921357
938,fa25611baba31a2ad26aab738f969cbd8bc058f7,0.998666,Whuedie GE-E d13-0,Whuedie GE-E d13-0 ABCD 2,Whuedie GE-E d13-0 ABCD 2 B Ring,1708.781250,-1372.531250,59.843750,-86.272275
939,882158b1881c9768e58f7d3a6c3a558508375210,0.998663,Boeph QO-G d11-712,Boeph QO-G d11-712 14,Boeph QO-G d11-712 14 B Ring,-7995.218750,-550.031250,16590.687500,-130.746636
940,a3feb9660d0c83e4e331b4854ede53a502251621,0.998654,Eidaills YN-X c3-26,Eidaills YN-X c3-26 BC 3,Eidaills YN-X c3-26 BC 3 B Ring,1151.781250,-312.687500,10615.406250,-85.784585
941,e769722ab3033c17eca45b0a2f617b4f1c71b9c7,0.998654,Flyooe Eohn GE-E c13-0,Flyooe Eohn GE-E c13-0 4,Flyooe Eohn GE-E c13-0 4 A Ring,207.218750,-682.812500,-3059.406250,-89.639920
945,49537c6c01091385bcea5756110f6e23e16b030b,0.998607,Col 359 Sector BA-Y d1-41,Col 359 Sector BA-Y d1-41 ABC 1,Col 359 Sector BA-Y d1-41 ABC 1 C Ring,-225.656250,265.375000,263.000000,-90.560660
949,b17bfa817b277c973063677e62aa5b129aad10aa,0.998529,Skaudai VP-U c4-19,Skaudai VP-U c4-19 13,Skaudai VP-U c4-19 13 B Ring,-6009.343750,-571.562500,9400.250000,-110.089351
951,d5a9973d4f90417d638b5115a2ce76de7ee96a5f,0.998523,Pro Aec AW-F c26-5,Pro Aec AW-F c26-5 8,Pro Aec AW-F c26-5 8 A Ring,1248.187500,677.250000,9047.218750,-85.849441
952,737c15fcb33a10b40867ce1c893012f553b48766,0.998521,Thaileia EJ-S c20-14,Thaileia EJ-S c20-14 3,Thaileia EJ-S c20-14 3 C Ring,818.468750,-194.937500,4960.125000,-87.830540
956,91cb53872b8f8b8e31d1866dc188badf79a081bc,0.998482,Boesky HG-W d2-912,Boesky HG-W d2-912 B 6,Boesky HG-W d2-912 B 6 C Ring,-9404.718750,-621.750000,15826.718750,-133.110784
958,7811f0def5b52c3b96e1ae4ec769df715760b374,0.998473,Praea Euq IF-R c7-0,Praea Euq IF-R c7-0 6,Praea Euq IF-R c7-0 6 B Ring,180.156250,1103.343750,559.687500,-89.649682
959,ad519ed8e6c8a882edb729f0eec1256432e78384,0.998472,Graea Hypoea DL-Y g262,Graea Hypoea DL-Y g262 A 3,Graea Hypoea DL-Y g262 A 3 B Ring,-3169.250000,-1603.312500,14190.781250,-105.259919
960,8689fe857ce837cbfa78bdecff54b7f5fcfde64d,0.998471,Bleae Aim KE-L c23-12,Bleae Aim KE-L c23-12 AB 2,Bleae Aim KE-L c23-12 AB 2 B Ring,-3011.312500,689.531250,15313.656250,-106.004776
969,8637f29ed2dc27e05b30d78d0eb20943e6746d50,0.998385,Qiedaea AA-A h0,Qiedaea AA-A h0 A 5,Qiedaea AA-A h0 A 5 A Ring,-10321.968750,-837.187500,-4955.437500,-108.538589
970,f5aeeff7e08b7a84093ed2f0a023d8c748765c07,0.998373,Graea Hypue PZ-S c6-16,Graea Hypue PZ-S c6-16 AB 2,Graea Hypue PZ-S c6-16 AB 2 B Ring,-643.031250,-168.875000,13323.250000,-93.041488
971,cadbd303e0c1083f50da68c3b9ee98115a2b6549,0.998370,Eeshorks MT-Q d5-896,Eeshorks MT-Q d5-896 2,Eeshorks MT-Q d5-896 2 A Ring,1401.718750,-688.718750,17405.437500,-80.795490
972,b732c59f71b278bcfe6afa4d9b7500df367ac871,0.998359,Flyiedge EZ-A c3,Flyiedge EZ-A c3 5,Flyiedge EZ-A c3 5 C Ring,-4592.156250,-1103.156250,7922.062500,-104.404285
973,0dbfa28f7ec4a4711b3fdbe6c7da8b20c5a807e0,0.998359,Boepp VA-L d9-1073,Boepp VA-L d9-1073 A 9,Boepp VA-L d9-1073 A 9 C Ring,-599.750000,-143.218750,16414.656250,-93.769659
975,b008de3707a2257671e6ec9711babb61b81c5ee0,0.998337,Wredgu LJ-Y c14-16,Wredgu LJ-Y c14-16 5,Wredgu LJ-Y c14-16 5 A Ring,-10081.656250,97.218750,-416.218750,-111.009558
976,3ca997665ea8ee76c10bda9369f4fc97a0da3188,0.998327,Aucoks ES-H d11-3,Aucoks ES-H d11-3 3,Aucoks ES-H d11-3 3 A Ring,960.625000,-80.843750,2528.906250,-87.708010
977,7e20c98ab73e85ebbcb0b54dacef4a58dabdf8f6,0.998322,Pythaics LQ-P d5-551,Pythaics LQ-P d5-551 6,Pythaics LQ-P d5-551 6 B Ring,5054.437500,-1218.187500,19947.906250,-49.803729
980,9f723186e3e0e22d945d7866fede094a1dff1aec,0.998286,Prua Phoe SM-S c5-6,Prua Phoe SM-S c5-6 6,Prua Phoe SM-S c5-6 6 A Ring,-5412.500000,-631.656250,10703.875000,-109.689069
982,a5f52d210c24cd7eb9051c151335948e13d94a12,0.998215,Traikoa WZ-Y b1-0,Traikoa WZ-Y b1-0 A 2,Traikoa WZ-Y b1-0 A 2 A Ring,-1815.625000,245.093750,4113.968750,-94.829828
983,ec97f0ebf0896b8aab502981c2ff93c55d3cc202,0.998205,Flyiedgou PU-V b17-1,Flyiedgou PU-V b17-1 5,Flyiedgou PU-V b17-1 5 A Ring,-319.312500,-964.750000,8276.468750,-91.119963
984,84c98e86efda20550f3e73578b334b4514b3cde5,0.998186,NGC 2546 Sector FQ-P d5-10,NGC 2546 Sector FQ-P d5-10 9,NGC 2546 Sector FQ-P d5-10 9 C Ring,3012.343750,-638.750000,-975.906250,-83.657878
987,da8c0da6810e3760944ec6c858091cced66cae0c,0.998173,NGC 3532 Sector WT-A d63,NGC 3532 Sector WT-A d63 10,NGC 3532 Sector WT-A d63 10 B Ring,1599.000000,127.718750,356.343750,-86.474377
988,fc3c7203d64df98352e0ef4e1a3e7a3d808b4ae1,0.998166,Zunuae ZB-Z c28-1545,Zunuae ZB-Z c28-1545 A 4,Zunuae ZB-Z c28-1545 A 4 A Ring,-418.000000,353.281250,24505.062500,-107.627180
989,394d80af7125e28d5427ee351886907af3687507,0.998154,Shrogaae VP-W c2-364,Shrogaae VP-W c2-364 6,Shrogaae VP-W c2-364 6 A Ring,3930.187500,402.562500,20843.843750,-52.320215
990,84cf0dcf70e333b2c267e607479caa907e566876,0.998147,Hypuae Ain YK-Z b55-1,Hypuae Ain YK-Z b55-1 5,Hypuae Ain YK-Z b55-1 5 A Ring,1055.281250,109.937500,-4969.218750,-88.088827
992,927defcbd485ea1e8e0e9f49970c91cc318ba5ce,0.998141,Nyeajeau KS-A d1-110,Nyeajeau KS-A d1-110 9,Nyeajeau KS-A d1-110 9 B Ring,-2085.968750,-233.156250,6740.687500,-96.288132
997,40957bdf68dc3a326e1a5bc663ca13afc5123185,0.998044,Wredguia ZV-R b32-0,Wredguia ZV-R b32-0 8,Wredguia ZV-R b32-0 8 C Ring,-721.625000,136.906250,-359.093750,-91.629131
999,18f1e03e9b733df72d4a3a4a31abf32c8f572669,0.998040,Wredguia NB-D b26-2,Wredguia NB-D b26-2 4,Wredguia NB-D b26-2 4 A Ring,-627.093750,31.281250,-488.718750,-91.416029
1000,3f674be91dd37798b6863ecabadf75ba220af92e,0.998032,Wepue IJ-K c24-3759,Wepue IJ-K c24-3759 6,Wepue IJ-K c24-3759 6 A Ring,-272.750000,-405.687500,24327.593750,-100.730445
